Div,Date,Time,HomeTeam,AwayTeam,Referee,B365H,B365D,B365A,BFDH,BFDD,BFDA,BMGMH,BMGMD,BMGMA,BVH,BVD,BVA,BWH,BWD,BWA,CLH,CLD,CLA,LBH,LBD,LBA,PSH,PSD,PSA,MaxH,MaxD,MaxA,AvgH,AvgD,AvgA,BFEH,BFED,BFEA,B365>2.5,B365<2.5,P>2.5,P<2.5,Max>2.5,Max<2.5,Avg>2.5,Avg<2.5,BFE>2.5,BFE<2.5,AHh,B365AHH,B365AHA,PAHH,PAHA,MaxAHH,MaxAHA,AvgAHH,AvgAHA,BFEAHH,BFEAHA,B365CH,B365CD,B365CA,BFDCH,BFDCD,BFDCA,BMGMCH,BMGMCD,BMGMCA,BVCH,BVCD,BVCA,BWCH,BWCD,BWCA,CLCH,CLCD,CLCA,LBCH,LBCD,LBCA,PSCH,PSCD,PSCA,MaxCH,MaxCD,MaxCA,AvgCH,AvgCD,AvgCA,BFECH,BFECD,BFECA,B365C>2.5,B365C<2.5,PC>2.5,PC<2.5,MaxC>2.5,MaxC<2.5,AvgC>2.5,AvgC<2.5,BFEC>2.5,BFEC<2.5,AHCh,B365CAHH,B365CAHA,PCAHH,PCAHA,MaxCAHH,MaxCAHA,AvgCAHH,AvgCAHA,BFECAHH,BFECAHA
B1,29/08/2025,19:45,Cercle Brugge,St Truiden,,2.1,3.4,3.1,2.1,3.3,3.1,2.14,3.65,3.15,2.15,3.5,3.13,2.2,3.5,3.1,2.2,3.6,3.1,2.2,3.5,3.1,2.19,3.65,3.29,2.2,3.65,3.2,2.15,3.51,3.12,2.24,3.7,3.4,1.75,2.05,1.81,2.08,1.83,2.05,1.76,1.98,1.85,2.1,-0.25,1.85,1.95,1.91,1.99,1.91,1.95,1.81,1.91,1.93,2.02,,,,,,,,,,,,,,,,,,,,,,,,,,,,,,,,,,,,,,,,,,,,,,,,,,,,,,
B1,30/08/2025,15:00,Mechelen,RAAL La Louviere,,1.62,4,5,1.6,3.75,4.6,1.65,4.2,4.5,1.6,3.8,5,1.68,3.9,4.8,1.67,3.9,4.8,1.67,3.9,4.8,1.62,4.28,4.93,1.68,4.2,5,1.63,3.97,4.76,1.68,4.3,5.5,1.73,2.08,1.76,2.11,1.77,2.12,1.71,2.04,1.76,2.1,-0.75,1.8,2,1.79,2.07,1.84,2,1.8,1.92,1.85,2.09,,,,,,,,,,,,,,,,,,,,,,,,,,,,,,,,,,,,,,,,,,,,,,,,,,,,,,
B1,30/08/2025,17:15,Westerlo,Antwerp,,2.55,3.4,2.63,2.4,3.3,2.6,2.5,3.55,2.6,2.45,3.5,2.55,2.45,3.6,2.7,2.45,3.6,2.7,2.45,3.6,2.7,2.55,3.5,2.68,2.57,3.6,2.7,2.47,3.49,2.62,2.58,3.5,2.78,1.67,2.15,1.69,2.22,1.67,2.23,1.64,2.16,1.69,2.36,0,1.85,1.95,1.88,1.98,1.85,2,1.81,1.93,1.88,1.99,,,,,,,,,,,,,,,,,,,,,,,,,,,,,,,,,,,,,,,,,,,,,,,,,,,,,,
B1,30/08/2025,19:45,Charleroi,Dender,,1.7,3.6,4.75,1.67,3.5,4.5,1.74,3.9,4.3,1.7,3.6,4.5,1.8,3.7,4.4,1.8,3.7,4.4,1.8,3.6,4.33,1.77,3.56,4.81,1.8,3.9,4.75,1.73,3.68,4.44,1.74,3.8,5.6,1.9,1.9,1.91,1.94,1.9,1.92,1.84,1.87,1.94,1.91,-0.75,1.95,1.85,2.02,1.85,1.98,1.85,1.94,1.79,1.96,1.94,,,,,,,,,,,,,,,,,,,,,,,,,,,,,,,,,,,,,,,,,,,,,,,,,,,,,,
B1,31/08/2025,12:30,Gent,Club Brugge,,5.5,3.9,1.57,5,4,1.53,4.8,4.3,1.6,5,4,1.57,5,4.2,1.62,5,4.2,1.61,4.8,4.2,1.61,5.15,4.19,1.61,5.5,4.3,1.62,4.98,4.12,1.59,5.4,4.4,1.09,1.65,2.2,1.67,2.23,1.65,2.33,1.59,2.24,1.67,1.43,1,1.8,2,1.83,2.04,1.83,2.02,1.78,1.97,1.74,1.82,,,,,,,,,,,,,,,,,,,,,,,,,,,,,,,,,,,,,,,,,,,,,,,,,,,,,,
B1,31/08/2025,15:00,Oud-Heverlee Leuven,Standard,,2.2,3.2,3.25,2.15,3.1,3.1,2.25,3.5,3,2.15,3.25,3.13,2.2,3.4,3.2,2.2,3.4,3.2,2.2,3.4,3.2,2.27,3.26,3.32,2.25,3.5,3.25,2.2,3.33,3.12,2.22,3.2,3.7,2.05,1.75,2.05,1.8,2.05,1.76,2.01,1.74,2.1,1.76,-0.25,1.9,1.9,1.94,1.91,1.96,1.9,1.87,1.85,,,,,,,,,,,,,,,,,,,,,,,,,,,,,,,,,,,,,,,,,,,,,,,,,,,,,,,,
B1,31/08/2025,17:30,St. Gilloise,Anderlecht,,1.6,4,5.25,1.57,3.75,5,1.61,3.95,5.2,1.55,3.9,5.25,1.63,3.9,5.25,1.65,3.9,5.25,1.61,3.9,5.25,1.58,3.95,5.92,1.65,4,6.33,1.6,3.88,5.27,1.61,4.2,5.8,1.8,2,1.78,2.06,1.8,2.01,1.76,1.97,1.66,2.08,-1,2.03,1.78,2,1.86,2.14,1.83,2.01,1.75,,,,,,,,,,,,,,,,,,,,,,,,,,,,,,,,,,,,,,,,,,,,,,,,,,,,,,,,
B1,31/08/2025,18:15,Genk,Waregem,,1.4,5.5,6,1.36,4.6,6.5,1.34,5.5,7.5,1.36,4.75,7,1.41,5,6.75,1.4,5,6.5,1.4,5,6.5,1.4,4.99,6.99,1.41,5.5,7.5,1.37,5.05,6.83,1.45,5.3,7.6,1.48,2.6,1.54,2.5,1.52,2.7,1.47,2.54,1.54,2.6,-1.5,2.05,1.75,2.11,1.76,2.05,1.86,1.98,1.76,,,,,,,,,,,,,,,,,,,,,,,,,,,,,,,,,,,,,,,,,,,,,,,,,,,,,,,,
D1,29/08/2025,19:30,Hamburg,St Pauli,,2.4,3.3,3,2.4,3.2,3,2.38,3.3,3.05,2.4,3.3,2.9,2.37,3.3,3,2.37,3.3,3,2.37,3.25,3,2.45,3.29,3.12,2.46,3.33,3.05,2.39,3.26,2.99,2.56,3.4,3.15,2,1.8,2.1,1.81,2.1,1.81,2.02,1.76,2.14,1.86,-0.25,2.05,1.8,2.14,1.81,2.05,1.81,1.96,1.78,2.08,1.89,,,,,,,,,,,,,,,,,,,,,,,,,,,,,,,,,,,,,,,,,,,,,,,,,,,,,,
D1,30/08/2025,14:30,Hoffenheim,Ein Frankfurt,,2.88,3.75,2.25,2.8,3.75,2.3,2.9,3.9,2.2,2.7,3.7,2.2,2.85,3.8,2.25,2.87,3.8,2.25,2.8,3.75,2.25,2.95,3.84,2.3,2.9,3.9,2.3,2.84,3.76,2.24,3,3.9,2.4,1.5,2.63,1.5,2.67,1.5,2.7,1.47,2.58,1.52,2.82,0.25,1.85,2,1.88,2.03,1.86,2,1.84,1.87,1.89,2.09,,,,,,,,,,,,,,,,,,,,,,,,,,,,,,,,,,,,,,,,,,,,,,,,,,,,,,
D1,30/08/2025,14:30,RB Leipzig,Heidenheim,,1.44,5,6.25,1.44,4.6,7,1.42,5,6.75,1.4,4.5,6,1.43,4.8,6.5,1.44,4.8,6.5,1.44,4.8,6.5,1.45,5.17,6.4,1.46,5,7,1.42,4.83,6.48,1.48,5.2,7,1.5,2.63,1.51,2.66,1.53,2.63,1.5,2.5,1.54,2.74,-1.25,1.93,1.93,1.92,1.99,1.95,1.93,1.85,1.9,2.02,1.95,,,,,,,,,,,,,,,,,,,,,,,,,,,,,,,,,,,,,,,,,,,,,,,,,,,,,,
D1,30/08/2025,14:30,Stuttgart,M'gladbach,,1.6,4.5,4.75,1.6,4.5,5,1.58,4.6,4.9,1.55,4.2,4.6,1.62,4.5,4.6,1.61,4.5,4.6,1.61,4.5,4.6,1.62,4.59,4.97,1.62,4.6,5,1.59,4.45,4.75,1.68,4.6,5.1,1.4,3,1.42,2.95,1.42,3,1.4,2.83,1.44,3.15,-1,1.98,1.88,1.99,1.92,1.98,1.88,1.92,1.84,2.05,1.91,,,,,,,,,,,,,,,,,,,,,,,,,,,,,,,,,,,,,,,,,,,,,,,,,,,,,,
D1,30/08/2025,14:30,Werder Bremen,Leverkusen,,3.7,3.8,1.91,3.6,3.75,1.95,3.65,4,1.88,3.4,3.7,1.87,3.5,3.8,1.95,3.5,3.8,1.95,3.5,3.8,1.95,3.82,3.87,1.94,3.75,4,1.95,3.56,3.83,1.91,4,4,1.97,1.57,2.38,1.6,2.44,1.57,2.5,1.54,2.38,1.62,2.52,0.5,1.93,1.93,1.95,1.95,1.93,1.93,1.88,1.87,2.01,1.97,,,,,,,,,,,,,,,,,,,,,,,,,,,,,,,,,,,,,,,,,,,,,,,,,,,,,,
D1,30/08/2025,17:30,Augsburg,Bayern Munich,,9,6.5,1.27,11,6.5,1.22,10,6.75,1.24,9.5,5.75,1.22,10.5,6.5,1.25,10,6.5,1.25,10,6.5,1.25,9.88,6.53,1.27,11,6.75,1.27,9.87,6.41,1.24,11.5,7.2,1.28,1.33,3.4,1.34,3.24,1.35,3.4,1.32,3.23,1.39,3.4,1.75,1.98,1.88,1.99,1.9,2.02,1.9,1.93,1.82,1.99,1.93,,,,,,,,,,,,,,,,,,,,,,,,,,,,,,,,,,,,,,,,,,,,,,,,,,,,,,
D1,31/08/2025,14:30,Wolfsburg,Mainz,,2,3.6,3.5,2.05,3.6,3.4,2.06,3.8,3.3,1.95,3.5,3.3,2.1,3.6,3.3,2.1,3.6,3.3,2.1,3.6,3.25,2.08,3.68,3.54,2.1,3.8,3.6,2.04,3.62,3.34,2.12,3.7,3.7,1.73,2.1,1.78,2.13,1.75,2.1,1.72,2.06,1.81,2.16,-0.5,2.03,1.83,2.09,1.83,2.05,1.83,2.01,1.76,2.12,1.86,,,,,,,,,,,,,,,,,,,,,,,,,,,,,,,,,,,,,,,,,,,,,,,,,,,,,,
D1,31/08/2025,16:30,Dortmund,Union Berlin,,1.4,5.25,6.5,1.36,5,8,1.4,5.3,6.75,1.36,4.6,6.5,1.38,5,7.5,1.4,5,7.5,1.36,5,7.5,1.4,5.3,7.28,1.41,5.3,8,1.38,5.06,7.02,1.42,5.6,7.8,1.5,2.63,1.54,2.59,1.53,2.63,1.49,2.53,1.56,2.68,-1.25,1.85,2,1.88,2.03,1.85,2,1.79,1.95,1.86,2.05,,,,,,,,,,,,,,,,,,,,,,,,,,,,,,,,,,,,,,,,,,,,,,,,,,,,,,
D1,31/08/2025,18:30,FC Koln,Freiburg,,2.55,3.3,2.8,2.6,3.25,2.8,2.48,3.35,2.85,2.45,3.2,2.63,2.55,3.3,2.75,2.4,3.1,2.62,2.4,3.1,2.62,2.66,3.38,2.77,2.6,3.35,2.85,2.5,3.26,2.74,2.64,3.4,2.9,2.03,1.83,2.03,1.87,2.03,1.83,1.97,1.79,2.08,1.86,0,1.85,2,1.91,2,1.85,2,1.81,1.93,1.88,2.05,,,,,,,,,,,,,,,,,,,,,,,,,,,,,,,,,,,,,,,,,,,,,,,,,,,,,,
D2,29/08/2025,17:30,Hertha,Elversberg,,2.2,3.4,3.2,2.2,3.4,3,2.17,3.45,3.1,2.2,3.25,3.2,2.2,3.5,3.1,2.15,3.25,2.9,2.15,3.25,2.9,2.26,3.45,3.32,2.3,3.5,3.2,2.19,3.36,3.08,2.3,3.6,3.4,1.7,2.1,1.71,2.22,1.7,2.2,1.67,2.09,1.74,2.28,-0.25,1.9,1.9,1.94,1.94,1.97,1.9,1.84,1.85,1.98,1.99,,,,,,,,,,,,,,,,,,,,,,,,,,,,,,,,,,,,,,,,,,,,,,,,,,,,,,
D2,29/08/2025,17:30,Nurnberg,Paderborn,,3,3.75,2.15,3.1,3.5,2.1,3.1,3.8,2.04,3,3.6,2.15,3.1,3.6,2.2,2.9,3.3,2.1,2.9,3.3,2.1,3.11,3.72,2.26,3.15,3.8,2.2,3.05,3.59,2.11,3.25,3.75,2.3,1.67,2.15,1.71,2.22,1.72,2.19,1.68,2.07,1.74,2.28,0.25,1.93,1.88,1.93,1.96,1.94,1.92,1.9,1.8,1.97,2,,,,,,,,,,,,,,,,,,,,,,,,,,,,,,,,,,,,,,,,,,,,,,,,,,,,,,
D2,30/08/2025,12:00,Bochum,Preußen Münster,,2,3.6,3.5,1.95,3.4,3.6,1.91,3.8,3.45,1.95,3.4,3.5,1.98,3.6,3.6,1.91,3.4,3.4,1.91,3.4,3.4,2,3.58,3.7,2.01,3.8,3.66,1.94,3.55,3.51,2.04,3.8,3.9,1.83,1.98,1.83,2.02,1.83,2,1.77,1.95,1.72,2.02,-0.5,1.98,1.83,2.01,1.85,1.98,1.85,1.91,1.8,2.04,1.92,,,,,,,,,,,,,,,,,,,,,,,,,,,,,,,,,,,,,,,,,,,,,,,,,,,,,,
D2,30/08/2025,12:00,Braunschweig,Bielefeld,,2.8,3.6,2.3,2.88,3.4,2.3,2.75,3.7,2.23,2.8,3.5,2.25,2.87,3.5,2.35,2.7,3.3,2.25,2.7,3.3,2.25,3.04,3.54,2.34,3,3.7,2.35,2.82,3.51,2.26,3,3.75,2.4,1.7,2.1,1.73,2.13,1.71,2.1,1.69,2.06,1.68,1.56,0.25,1.8,2,1.85,2.04,1.8,2,1.78,1.91,1.87,2.08,,,,,,,,,,,,,,,,,,,,,,,,,,,,,,,,,,,,,,,,,,,,,,,,,,,,,,
D2,30/08/2025,12:00,Holstein Kiel,Hannover,,2.55,3.7,2.45,2.63,3.4,2.5,2.38,3.8,2.55,2.55,3.5,2.45,2.6,3.6,2.5,2.5,3.3,2.4,2.5,3.3,2.4,2.71,3.57,2.58,2.66,3.8,2.6,2.52,3.54,2.5,2.74,3.7,2.58,1.67,2.15,1.7,2.19,1.68,2.16,1.66,2.1,1.75,2.18,0,1.95,1.85,1.99,1.89,1.95,1.9,1.89,1.84,2.02,1.9,,,,,,,,,,,,,,,,,,,,,,,,,,,,,,,,,,,,,,,,,,,,,,,,,,,,,,
D2,30/08/2025,19:30,Fortuna Dusseldorf,Karlsruhe,,2.25,3.7,2.88,2.3,3.5,2.8,2.14,3.95,2.8,2.2,3.6,2.8,2.3,3.6,2.87,2.2,3.4,2.7,2.2,3.4,2.7,2.27,3.79,2.9,2.3,3.95,2.88,2.22,3.67,2.8,2.32,3.85,3,1.62,2.25,1.65,2.3,1.62,2.26,1.58,2.23,1.64,2.38,-0.25,1.98,1.83,2.01,1.87,1.98,1.86,1.89,1.82,2.03,1.89,,,,,,,,,,,,,,,,,,,,,,,,,,,,,,,,,,,,,,,,,,,,,,,,,,,,,,
D2,31/08/2025,12:30,Dresden,Schalke 04,,2.38,3.5,2.8,2.38,3.4,2.75,2.28,3.8,2.65,2.3,3.5,2.7,2.37,3.5,2.8,2.3,3.3,2.62,2.3,3.3,2.62,2.41,3.59,2.81,2.45,3.8,2.85,2.33,3.54,2.7,2.44,3.5,2.84,1.7,2.1,1.7,2.18,1.7,2.15,1.66,2.11,1.73,2.2,0,1.73,2.08,1.79,2.09,1.83,2.08,1.74,2.01,1.78,2.07,,,,,,,,,,,,,,,,,,,,,,,,,,,,,,,,,,,,,,,,,,,,,,,,,,,,,,
D2,31/08/2025,12:30,Kaiserslautern,Darmstadt,,2.6,3.3,2.63,2.5,3.4,2.63,2.4,3.7,2.55,2.45,3.5,2.5,2.55,3.6,2.6,2.4,3.3,2.45,2.4,3.3,2.45,2.55,3.51,2.7,2.6,3.7,2.66,2.47,3.49,2.56,2.26,3.9,2.72,1.67,2.15,1.67,2.23,1.7,2.2,1.65,2.12,1.67,1.44,0,1.85,1.95,1.87,1.98,1.9,1.95,1.84,1.89,1.01,2.03,,,,,,,,,,,,,,,,,,,,,,,,,,,,,,,,,,,,,,,,,,,,,,,,,,,,,,
D2,31/08/2025,12:30,Magdeburg,Greuther Furth,,1.83,3.8,3.9,1.8,3.75,4,1.81,4.2,3.55,1.8,3.8,3.7,1.85,3.9,3.8,1.8,3.6,3.5,1.8,3.6,3.5,1.85,3.9,3.92,1.85,4.2,4,1.81,3.89,3.68,1.87,4.1,4,1.57,2.35,1.59,2.39,1.57,2.6,1.5,2.43,1.56,2.54,-0.5,1.83,1.98,1.86,1.99,1.83,2,1.78,1.93,1.87,2.04,,,,,,,,,,,,,,,,,,,,,,,,,,,,,,,,,,,,,,,,,,,,,,,,,,,,,,
E0,30/08/2025,12:30,Chelsea,Fulham,R Jones,1.55,4.33,5.25,1.57,4.33,6,1.56,4.4,5.8,1.55,4.2,5.75,1.55,4.5,5.25,1.53,4.5,5.5,1.53,4.5,5.5,1.57,4.37,5.75,1.57,4.5,6,1.55,4.35,5.6,1.62,4.4,6,1.67,2.2,1.71,2.22,1.71,2.22,1.67,2.16,1.74,2.28,-1,1.95,1.9,1.97,1.93,1.95,1.91,1.89,1.87,2.05,1.92,,,,,,,,,,,,,,,,,,,,,,,,,,,,,,,,,,,,,,,,,,,,,,,,,,,,,,
E0,30/08/2025,15:00,Man United,Burnley,S Barrott,1.33,5.25,8,1.33,5.5,9,1.37,5.2,8,1.33,5.25,9,1.36,5.25,8.25,1.36,5.25,8,1.35,5,8,1.36,5.39,8.45,1.4,5.5,9,1.35,5.15,8.28,1.39,5.6,9.2,1.67,2.2,1.67,2.3,1.73,2.2,1.65,2.17,1.7,2.4,-1.5,2.03,1.83,2.06,1.85,2.04,1.83,1.98,1.78,2.04,1.92,,,,,,,,,,,,,,,,,,,,,,,,,,,,,,,,,,,,,,,,,,,,,,,,,,,,,,
E0,30/08/2025,15:00,Sunderland,Brentford,A Taylor,3,3.3,2.4,3,3.3,2.5,2.9,3.35,2.5,2.9,3.3,2.45,2.9,3.3,2.45,2.9,3.3,2.45,2.87,3.25,2.45,3.03,3.24,2.53,3,3.35,2.54,2.92,3.27,2.46,3.15,3.35,2.58,2.1,1.73,2.14,1.77,2.1,1.8,2.04,1.73,2.2,1.79,0,2.08,1.73,2.15,1.79,2.1,1.93,1.95,1.79,2.2,1.8,,,,,,,,,,,,,,,,,,,,,,,,,,,,,,,,,,,,,,,,,,,,,,,,,,,,,,
E0,30/08/2025,15:00,Tottenham,Bournemouth,S Hooper,1.73,4.2,4.2,1.73,3.75,4.2,1.76,4.2,4.3,1.73,4.1,4.33,1.72,4,4.5,1.73,4,4.5,1.73,3.9,4.4,1.76,4.14,4.39,1.76,4.25,4.5,1.73,4.06,4.29,1.79,4.3,4.6,1.57,2.38,1.59,2.47,1.6,2.55,1.54,2.38,1.63,2.52,-0.75,1.95,1.9,1.99,1.92,1.95,1.9,1.91,1.84,2,1.96,,,,,,,,,,,,,,,,,,,,,,,,,,,,,,,,,,,,,,,,,,,,,,,,,,,,,,
E0,30/08/2025,15:00,Wolves,Everton,M Oliver,2.7,3.2,2.75,2.75,3.2,2.8,2.63,3.3,2.8,2.63,3.25,2.7,2.65,3.2,2.75,2.62,3.2,2.75,2.62,3.1,2.75,2.74,3.23,2.79,2.75,3.3,2.8,2.66,3.19,2.74,2.9,3.25,2.84,2.2,1.67,2.27,1.68,2.23,1.68,2.17,1.65,2.3,1.72,0,1.93,1.93,1.93,1.97,1.93,1.97,1.82,1.92,2.01,1.96,,,,,,,,,,,,,,,,,,,,,,,,,,,,,,,,,,,,,,,,,,,,,,,,,,,,,,
E0,30/08/2025,17:30,Leeds,Newcastle,P Bankes,3.5,3.4,2.1,3.4,3.6,2.15,3.5,3.55,2.1,3.3,3.6,2.1,3.25,3.5,2.15,3.25,3.5,2.15,3.25,3.5,2.15,3.47,3.54,2.16,3.5,3.6,2.2,3.37,3.49,2.12,3.7,3.65,2.16,1.8,2,1.85,2.04,1.8,2.08,1.76,2.01,1.89,2.08,0.25,2.03,1.83,2.04,1.87,2.03,1.83,1.97,1.73,2.13,1.87,,,,,,,,,,,,,,,,,,,,,,,,,,,,,,,,,,,,,,,,,,,,,,,,,,,,,,
E0,31/08/2025,14:00,Brighton,Man City,D England,3.8,3.9,1.9,3.75,4,1.91,3.9,4,1.87,3.7,3.8,1.85,3.9,3.9,1.83,3.6,3.6,1.75,3.6,3.6,1.75,3.92,3.89,1.91,4,4,1.91,3.78,3.84,1.85,4,4,1.95,1.62,2.3,1.63,2.37,1.62,2.38,1.57,2.32,1.63,2.54,0.5,1.98,1.88,1.98,1.92,1.98,1.88,1.93,1.82,2.02,1.95,,,,,,,,,,,,,,,,,,,,,,,,,,,,,,,,,,,,,,,,,,,,,,,,,,,,,,
E0,31/08/2025,14:00,Nott'm Forest,West Ham,C Pawson,1.67,3.75,5.25,1.7,3.75,5.5,1.7,3.8,5.25,1.65,3.7,5,1.72,3.7,4.8,1.73,3.7,4.8,1.67,3.5,4.5,1.69,3.98,5.13,1.73,3.85,5.5,1.69,3.74,5.03,1.72,4,5.5,1.98,1.88,1.98,1.91,2,1.91,1.94,1.82,2.02,1.94,-0.75,1.88,1.98,1.91,2,1.88,1.98,1.86,1.88,1.92,2.03,,,,,,,,,,,,,,,,,,,,,,,,,,,,,,,,,,,,,,,,,,,,,,,,,,,,,,
E0,31/08/2025,16:30,Liverpool,Arsenal,C Kavanagh,2.2,3.5,3.2,2.25,3.6,3.2,2.25,3.5,3.25,2.15,3.5,3.1,2.15,3.6,3.2,2.15,3.6,3.2,2.15,3.5,3.1,2.27,3.47,3.28,2.25,3.6,3.25,2.2,3.49,3.17,2.28,3.55,3.45,1.73,2.1,1.76,2.14,1.81,2.1,1.73,2.06,1.8,2.2,-0.25,1.9,1.95,1.96,1.94,1.91,1.95,1.85,1.89,1.96,2,,,,,,,,,,,,,,,,,,,,,,,,,,,,,,,,,,,,,,,,,,,,,,,,,,,,,,
E0,31/08/2025,19:00,Aston Villa,Crystal Palace,S Attwell,1.85,3.7,4,1.91,3.6,4.2,1.89,3.6,4.2,1.83,3.5,4.1,1.93,3.5,4,1.95,3.5,4,1.91,3.4,3.9,1.9,3.69,4.21,1.95,3.75,4.2,1.88,3.56,4.07,1.92,3.65,4.5,1.98,1.88,2.03,1.86,2.04,1.91,1.95,1.81,2.08,1.89,-0.5,1.88,1.98,1.91,2,1.9,1.98,1.84,1.91,1.92,2.06,,,,,,,,,,,,,,,,,,,,,,,,,,,,,,,,,,,,,,,,,,,,,,,,,,,,,,
E1,29/08/2025,20:00,Leicester,Birmingham,J Smith,2.35,3.25,2.85,2.5,3.1,3,2.55,3.3,2.85,2.45,3.25,2.9,2.55,3.2,2.85,2.5,3.2,2.87,2.5,3.2,2.8,2.52,3.28,3.02,2.55,3.3,3,2.49,3.2,2.86,2.6,3.35,3.05,2.2,1.67,2.28,1.68,2.22,1.72,2.13,1.67,2.34,1.73,-0.25,2.1,1.78,2.15,1.77,2.15,1.78,2.06,1.7,2.22,1.79,,,,,,,,,,,,,,,,,,,,,,,,,,,,,,,,,,,,,,,,,,,,,,,,,,,,,,
E1,30/08/2025,12:30,Middlesbrough,Sheffield United,L Smith,2.15,3.4,3.1,2.25,3.3,3.25,2.15,3.55,3.4,2.25,3.4,3.13,2.25,3.4,3.1,2.25,3.5,3.1,2.2,3.4,3.1,2.24,3.55,3.22,2.25,3.6,3.4,2.19,3.42,3.19,2.3,3.55,3.35,1.9,1.95,1.93,1.94,1.97,1.95,1.91,1.84,1.91,2,-0.25,1.95,1.9,1.95,1.93,1.95,1.96,1.83,1.91,1.99,1.96,,,,,,,,,,,,,,,,,,,,,,,,,,,,,,,,,,,,,,,,,,,,,,,,,,,,,,
E1,30/08/2025,12:30,QPR,Charlton,A Kitchen,2.85,3.3,2.4,2.88,3.2,2.5,3.05,3.3,2.45,2.9,3.25,2.45,2.95,3.25,2.4,3,3.3,2.4,2.9,3.25,2.4,2.9,3.32,2.55,3.05,3.3,2.6,2.91,3.23,2.44,3.05,3.4,2.56,2.2,1.67,2.21,1.69,2.2,1.73,2.13,1.67,2.22,1.75,0,2.1,1.78,2.08,1.83,2.1,1.81,2.03,1.75,2.18,1.81,,,,,,,,,,,,,,,,,,,,,,,,,,,,,,,,,,,,,,,,,,,,,,,,,,,,,,
E1,30/08/2025,12:30,Stoke,West Brom,M Donohue,2.65,3.2,2.65,2.63,3.2,2.75,2.55,3.4,2.8,2.63,3.25,2.7,2.55,3.3,2.75,2.5,3.3,2.75,2.5,3.25,2.75,2.68,3.35,2.73,2.65,3.4,2.8,2.57,3.26,2.72,2.82,3.35,2.76,2.1,1.73,2.18,1.71,2.15,1.73,2.09,1.69,2.18,1.75,0,1.9,1.95,1.93,1.96,1.9,2,1.86,1.91,1.97,1.95,,,,,,,,,,,,,,,,,,,,,,,,,,,,,,,,,,,,,,,,,,,,,,,,,,,,,,
E1,30/08/2025,15:00,Blackburn,Norwich,B Speedie,2.25,3.4,3,2.4,3.25,3,2.45,3.45,2.9,2.38,3.3,3,2.37,3.3,2.95,2.37,3.3,3,2.37,3.3,2.9,2.42,3.21,3.08,2.45,3.45,3,2.37,3.31,2.95,2.44,3.45,3.2,2.1,1.73,2.07,1.79,2.1,1.8,1.98,1.77,2.14,1.82,-0.25,2.03,1.83,2.09,1.81,2.07,1.83,1.98,1.76,2.08,1.88,,,,,,,,,,,,,,,,,,,,,,,,,,,,,,,,,,,,,,,,,,,,,,,,,,,,,,
E1,30/08/2025,15:00,Bristol City,Hull,G Ward,1.86,3.4,4.2,1.9,3.4,4.2,1.88,3.6,4.35,1.9,3.5,4.1,1.93,3.4,4.1,1.91,3.4,4,1.91,3.4,4,1.88,3.56,4.17,1.93,3.6,4.35,1.88,3.47,4.15,1.93,3.7,4.5,2,1.8,2.04,1.82,2.1,1.8,2.04,1.72,2.12,1.83,-0.5,1.93,1.93,1.9,1.97,1.93,1.95,1.85,1.91,1.93,2.05,,,,,,,,,,,,,,,,,,,,,,,,,,,,,,,,,,,,,,,,,,,,,,,,,,,,,,
E1,30/08/2025,15:00,Ipswich,Derby,L Doughty,1.49,3.9,6.5,1.53,4,6.5,1.55,4.2,6.4,1.53,3.9,6,1.57,3.9,6.25,1.57,3.9,6,1.57,3.9,6,1.52,4.04,6.66,1.57,4.2,7,1.53,3.97,6.29,1.55,4.3,7.4,2,1.8,2.08,1.78,2.1,1.8,2,1.75,2.1,1.85,-1,1.95,1.9,1.93,1.93,1.95,1.95,1.9,1.86,1.95,1.98,,,,,,,,,,,,,,,,,,,,,,,,,,,,,,,,,,,,,,,,,,,,,,,,,,,,,,
E1,30/08/2025,15:00,Millwall,Wrexham,T Kirk,1.96,3.4,3.75,2,3.4,3.75,1.96,3.55,4,2.05,3.4,3.6,2.05,3.4,3.6,2.05,3.4,3.6,2.05,3.4,3.6,2.06,3.35,3.75,2.05,3.55,4,2,3.4,3.72,2.14,3.4,3.95,2.1,1.73,2.12,1.75,2.1,1.75,2.04,1.73,2.12,1.84,-0.5,2.03,1.83,2.08,1.81,2.03,1.87,1.95,1.8,2.14,1.84,,,,,,,,,,,,,,,,,,,,,,,,,,,,,,,,,,,,,,,,,,,,,,,,,,,,,,
E1,30/08/2025,15:00,Oxford,Coventry,R Ricardo,4.5,3.6,1.71,4.6,3.6,1.8,4.3,3.95,1.8,4.75,3.6,1.75,4.4,3.6,1.8,4.4,3.6,1.8,4.4,3.6,1.8,4.31,3.93,1.76,4.75,3.95,1.8,4.43,3.69,1.77,5.1,3.9,1.8,2,1.85,1.96,1.89,2,1.85,1.94,1.8,2.04,1.9,0.75,1.85,2,1.86,2.02,1.85,2,1.76,1.98,1.93,2.03,,,,,,,,,,,,,,,,,,,,,,,,,,,,,,,,,,,,,,,,,,,,,,,,,,,,,,
E1,30/08/2025,15:00,Portsmouth,Preston,T Harrington,2.15,3.3,3.3,2.25,3.2,3.4,2.2,3.4,3.35,2.25,3.3,3.25,2.2,3.4,3.25,2.2,3.4,3.25,2.15,3.4,3.2,2.24,3.29,3.34,2.25,3.4,3.4,2.2,3.32,3.27,2.32,3.45,3.4,2.1,1.73,2.15,1.72,2.14,1.73,2.09,1.69,2.2,1.77,-0.25,1.93,1.93,1.93,1.93,1.93,1.93,1.84,1.9,1.98,1.95,,,,,,,,,,,,,,,,,,,,,,,,,,,,,,,,,,,,,,,,,,,,,,,,,,,,,,
E1,30/08/2025,15:00,Sheffield Weds,Swansea,A Backhouse,3.25,3.3,2.2,3.1,3.2,2.38,3.15,3.35,2.33,3.2,3.25,2.25,3,3.3,2.35,3,3.3,2.37,3,3.3,2.3,3.19,3.34,2.29,3.25,3.35,2.38,3.11,3.27,2.29,3.3,3.4,2.42,2.2,1.67,2.18,1.71,2.2,1.73,2.1,1.68,2.2,1.77,0.25,1.88,1.98,1.89,1.98,1.88,1.98,1.83,1.86,1.89,2.06,,,,,,,,,,,,,,,,,,,,,,,,,,,,,,,,,,,,,,,,,,,,,,,,,,,,,,
E1,30/08/2025,15:00,Watford,Southampton,F Hallam,3,3.3,2.35,3,3.25,2.4,3,3.5,2.38,2.9,3.4,2.4,2.85,3.4,2.4,2.87,3.4,2.45,2.8,3.4,2.4,2.89,3.28,2.51,3,3.5,2.5,2.91,3.36,2.39,3.05,3.45,2.54,2.03,1.83,2.04,1.83,2.03,1.83,1.96,1.79,2.06,1.86,0.25,1.78,2.1,1.74,2.16,1.8,2.1,1.76,1.94,1.8,2.18,,,,,,,,,,,,,,,,,,,,,,,,,,,,,,,,,,,,,,,,,,,,,,,,,,,,,,
E2,30/08/2025,12:30,Cardiff,Plymouth,S Oldham,1.49,4.5,5.5,1.5,4.2,6.5,1.52,4.4,5.6,1.5,4.1,6.5,1.5,4.2,6,1.5,4.33,6,1.5,4.2,6,1.54,4.35,5.8,1.53,4.5,6.5,1.5,4.27,5.92,1.57,4.6,6.4,1.83,2.03,1.8,2.04,1.83,2.05,1.76,1.99,1.82,2.06,-1,1.88,1.98,1.92,1.95,1.88,1.98,1.82,1.89,1.92,1.97,,,,,,,,,,,,,,,,,,,,,,,,,,,,,,,,,,,,,,,,,,,,,,,,,,,,,,
E2,30/08/2025,12:30,Doncaster,Rotherham,E Bell,1.66,4,4.33,1.73,3.6,5,1.64,4,4.9,1.7,3.6,5,1.71,3.6,4.75,1.73,3.7,4.8,1.73,3.6,4.8,1.71,3.73,5.07,1.73,4,5,1.68,3.73,4.83,1.74,3.95,5.6,2.05,1.75,2.06,1.76,2.1,1.82,1.99,1.76,2.1,1.81,-0.75,1.93,1.93,1.95,1.92,1.93,1.93,1.84,1.85,1.95,1.97,,,,,,,,,,,,,,,,,,,,,,,,,,,,,,,,,,,,,,,,,,,,,,,,,,,,,,
E2,30/08/2025,15:00,Barnsley,Huddersfield,E Duckworth,2.5,3.75,2.35,2.75,3.5,2.5,2.6,3.7,2.45,2.63,3.5,2.5,2.55,3.5,2.5,2.6,3.5,2.6,2.6,3.5,2.5,2.72,3.46,2.52,2.75,3.75,2.6,2.59,3.54,2.48,2.9,3.65,2.5,1.75,2.05,1.81,2.03,1.8,2.05,1.76,1.98,1.82,2.12,0,2,1.85,2,1.85,2,1.9,1.92,1.83,2.14,1.84,,,,,,,,,,,,,,,,,,,,,,,,,,,,,,,,,,,,,,,,,,,,,,,,,,,,,,
E2,30/08/2025,15:00,Blackpool,Bolton,T Nield,3.2,3.2,2.2,3.1,3.4,2.3,3.05,3.65,2.17,3,3.5,2.25,2.95,3.4,2.25,3,3.5,2.25,3,3.5,2.25,3.14,3.45,2.24,3.2,3.65,2.3,3.03,3.47,2.21,3.35,3.6,2.28,1.85,2,1.88,1.95,1.85,2,1.82,1.91,1.87,2,0.25,1.88,1.98,1.9,1.95,1.88,1.98,1.84,1.85,2.01,1.97,,,,,,,,,,,,,,,,,,,,,,,,,,,,,,,,,,,,,,,,,,,,,,,,,,,,,,
E2,30/08/2025,15:00,Bradford,AFC Wimbledon,M Coy,1.68,3.6,4.75,1.8,3.5,4.6,1.74,3.75,4.5,1.75,3.5,5,1.75,3.5,4.6,1.8,3.5,4.8,1.75,3.5,4.6,1.78,3.49,4.76,1.8,3.75,5,1.74,3.55,4.66,1.79,3.8,5.4,2.15,1.67,2.22,1.68,2.16,1.73,2.09,1.67,2.2,1.71,-0.75,2,1.85,2.06,1.81,2,1.85,1.94,1.75,2.04,1.9,,,,,,,,,,,,,,,,,,,,,,,,,,,,,,,,,,,,,,,,,,,,,,,,,,,,,,
E2,30/08/2025,15:00,Burton,Luton,P Wright,4.5,3.9,1.66,4.6,3.75,1.73,4.4,3.9,1.73,4.75,3.7,1.7,4.5,3.7,1.73,4.6,3.75,1.75,4.5,3.75,1.75,4.5,3.76,1.75,4.75,3.9,1.75,4.51,3.76,1.71,4.9,3.95,1.81,2,1.85,2.03,1.8,2,1.91,1.91,1.82,2.02,1.84,0.75,1.88,1.98,1.85,1.99,1.88,1.98,1.79,1.91,1.89,2.04,,,,,,,,,,,,,,,,,,,,,,,,,,,,,,,,,,,,,,,,,,,,,,,,,,,,,,
E2,30/08/2025,15:00,Exeter,Peterboro,M Corlett,2.1,3.8,3,2.15,3.5,3.25,2.12,3.75,3.05,2.15,3.5,3.2,2.2,3.4,3.1,2.2,3.5,3.1,2.2,3.5,3.1,2.2,3.54,3.15,2.25,3.8,3.25,2.15,3.56,3.08,2.28,3.7,3.2,1.75,2.05,1.79,2.03,1.8,2.05,1.77,1.96,1.79,1.94,-0.25,1.9,1.95,1.93,1.93,1.9,1.95,1.81,1.88,1.99,1.95,,,,,,,,,,,,,,,,,,,,,,,,,,,,,,,,,,,,,,,,,,,,,,,,,,,,,,
E2,30/08/2025,15:00,Leyton Orient,Northampton,J Miles,1.68,3.8,4.5,1.73,3.6,5,1.7,3.7,4.9,1.7,3.6,5,1.75,3.5,4.6,1.8,3.5,4.8,1.75,3.5,4.6,1.72,3.6,4.94,1.8,3.8,5,1.71,3.58,4.8,1.76,3.85,5.6,2.1,1.7,2.14,1.72,2.18,1.73,2.11,1.67,2.18,1.74,-0.75,1.98,1.88,1.98,1.88,1.98,1.88,1.9,1.79,1.99,1.96,,,,,,,,,,,,,,,,,,,,,,,,,,,,,,,,,,,,,,,,,,,,,,,,,,,,,,
E2,30/08/2025,15:00,Lincoln,Mansfield,A Bannister,2.2,3.6,2.85,2.3,3.3,3.1,2.35,3.35,2.95,2.3,3.25,3.1,2.25,3.25,3,2.3,3.3,3.1,2.3,3.3,3.1,2.28,3.29,3.2,2.35,3.6,3.14,2.29,3.29,3.02,2.36,3.55,3.2,2.1,1.7,2.18,1.7,2.18,1.73,2.12,1.66,2.18,1.73,-0.25,2,1.85,1.97,1.88,2,1.85,1.91,1.77,2.05,1.91,,,,,,,,,,,,,,,,,,,,,,,,,,,,,,,,,,,,,,,,,,,,,,,,,,,,,,
E2,30/08/2025,15:00,Reading,Port Vale,T Parsons,2.45,3.5,2.57,2.6,3.3,2.75,2.38,3.5,2.75,2.6,3.25,2.7,2.45,3.25,2.75,2.5,3.3,2.8,2.5,3.3,2.8,2.6,3.32,2.71,2.6,3.5,2.8,2.49,3.35,2.7,2.7,3.45,2.8,2.15,1.67,2.16,1.7,2.15,1.73,2.08,1.69,2.16,1.74,0,1.88,1.98,1.88,1.97,1.88,1.98,1.83,1.91,1.95,1.99,,,,,,,,,,,,,,,,,,,,,,,,,,,,,,,,,,,,,,,,,,,,,,,,,,,,,,
E2,30/08/2025,15:00,Stevenage,Wycombe,S Mather,2.25,3.3,3,2.4,3.2,3.1,2.35,3.3,2.95,2.38,3.1,3.1,2.3,3.1,3.2,2.3,3.2,3.25,2.3,3.1,3.2,2.4,3.1,3.17,2.4,3.3,3.25,2.33,3.16,3.06,2.48,3.35,3.2,2.35,1.57,2.43,1.56,2.42,1.57,2.37,1.53,2.4,1.62,-0.25,2.03,1.83,2.05,1.81,2.03,1.83,1.93,1.76,2.11,1.86,,,,,,,,,,,,,,,,,,,,,,,,,,,,,,,,,,,,,,,,,,,,,,,,,,,,,,
E2,30/08/2025,15:00,Wigan,Stockport,R Joyce,2.7,3.1,2.57,2.88,3.1,2.63,2.75,3.2,2.6,2.75,3.1,2.63,2.8,3.1,2.55,2.8,3.1,2.6,2.8,3.1,2.6,2.73,3.19,2.67,2.88,3.2,2.66,2.76,3.11,2.58,2.9,3.25,2.76,2.4,1.53,2.41,1.56,2.4,1.57,2.36,1.53,1.47,1.25,0,1.98,1.88,1.95,1.9,2,1.88,1.93,1.81,2.01,1.93,,,,,,,,,,,,,,,,,,,,,,,,,,,,,,,,,,,,,,,,,,,,,,,,,,,,,,
E3,29/08/2025,19:45,Salford,Cheltenham,A Chilowicz,1.66,3.8,4.5,1.7,3.75,5,1.64,4.2,4.6,1.67,3.9,4.8,1.7,3.8,4.6,1.7,3.9,4.6,1.7,3.8,4.6,1.69,3.89,4.92,1.7,4.2,5,1.66,3.89,4.67,1.68,4,5.4,1.8,2,1.82,2.03,1.8,2.06,1.74,2,1.83,2.1,-0.75,1.93,1.93,1.9,1.95,1.93,1.97,1.82,1.89,1.86,2.06,,,,,,,,,,,,,,,,,,,,,,,,,,,,,,,,,,,,,,,,,,,,,,,,,,,,,,
E3,30/08/2025,12:30,Barrow,Fleetwood Town,T Reeves,2.05,3.2,3.6,2.1,3.3,3.6,2.07,3.6,3.3,2.1,3.3,3.5,2.05,3.2,3.6,2.1,3.25,3.7,2.05,3.25,3.7,2.07,3.31,3.71,2.1,3.6,3.75,2.07,3.31,3.5,2.14,3.25,3.8,2.1,1.7,2.17,1.68,2.12,1.73,2.09,1.67,2.14,1.74,-0.25,1.8,2.05,1.79,2.07,1.8,2.05,1.73,1.97,1.83,2.02,,,,,,,,,,,,,,,,,,,,,,,,,,,,,,,,,,,,,,,,,,,,,,,,,,,,,,
E3,30/08/2025,12:30,Crewe,Swindon,M Russell,1.96,3.4,3.6,2.1,3.5,3.4,1.98,3.75,3.4,2,3.5,3.6,2.05,3.4,3.4,2.05,3.5,3.5,2.05,3.5,3.4,2,3.62,3.58,2.1,3.75,3.6,2.01,3.52,3.44,2.16,3.7,3.55,1.83,2.03,1.83,1.99,1.85,2.03,1.81,1.91,1.87,1.96,-0.5,2.05,1.8,2.01,1.83,2.05,1.8,1.96,1.76,2.16,1.84,,,,,,,,,,,,,,,,,,,,,,,,,,,,,,,,,,,,,,,,,,,,,,,,,,,,,,
E3,30/08/2025,15:00,Barnet,Colchester,M Woods,1.91,3.6,3.6,1.95,3.4,4,,,,1.95,3.4,3.9,2,3.3,3.7,2,3.4,3.75,2,3.4,3.7,1.93,3.39,3.96,2,3.6,4,1.95,3.4,3.8,1.95,3.45,4.1,2.05,1.75,2.03,1.76,2.1,1.75,2.02,1.74,1.9,1.66,-0.5,1.98,1.88,1.94,1.88,1.98,1.88,1.91,1.82,1.95,2,,,,,,,,,,,,,,,,,,,,,,,,,,,,,,,,,,,,,,,,,,,,,,,,,,,,,,
E3,30/08/2025,15:00,Bromley,Harrogate,A Young,1.71,3.6,4.5,1.8,3.6,4.6,1.78,3.9,4.1,1.75,3.6,4.6,1.77,3.5,4.4,1.8,3.6,4.5,1.8,3.6,4.5,1.72,3.64,4.67,1.8,3.9,4.75,1.76,3.63,4.41,1.75,3.85,5.4,2.05,1.8,2,1.81,2.05,1.86,1.93,1.8,2.02,1.81,-0.75,2.03,1.83,1.97,1.85,2.03,1.83,1.96,1.76,1.99,1.94,,,,,,,,,,,,,,,,,,,,,,,,,,,,,,,,,,,,,,,,,,,,,,,,,,,,,,
E3,30/08/2025,15:00,Cambridge,Newport County,G Rhodes,1.46,4,6.5,1.5,4,7,1.5,4.25,6.25,1.5,4.1,6.5,1.52,3.9,6.25,1.53,4,6.5,1.53,4,6.5,1.49,4.12,6.33,1.53,4.25,7,1.5,4.05,6.33,1.56,4.1,6.8,1.98,1.88,1.93,1.87,1.98,1.91,1.91,1.81,1.93,1.9,-1,1.9,1.95,1.87,1.95,1.9,1.95,1.83,1.89,1.91,1.95,,,,,,,,,,,,,,,,,,,,,,,,,,,,,,,,,,,,,,,,,,,,,,,,,,,,,,
E3,30/08/2025,15:00,Chesterfield,Crawley Town,B Toner,1.51,4,5.75,1.57,4.2,5.5,1.5,4.6,5.1,1.55,4.2,5.5,1.57,4,5.5,1.57,4,5.75,1.57,4,5.5,1.54,4.25,5.39,1.57,4.6,5.75,1.55,4.13,5.47,1.6,4.2,5.8,1.7,2.1,1.68,2.15,1.7,2.35,1.66,2.13,1.69,2.18,-1,1.98,1.88,1.93,1.89,1.98,1.94,1.89,1.84,1.95,1.91,,,,,,,,,,,,,,,,,,,,,,,,,,,,,,,,,,,,,,,,,,,,,,,,,,,,,,
E3,30/08/2025,15:00,Grimsby,Bristol Rvs,N Hair,1.91,3.6,3.6,2,3.4,3.75,,,,1.95,3.5,3.7,1.98,3.25,3.8,2,3.3,3.9,2,3.25,3.8,1.98,3.61,3.53,2,3.6,3.9,1.98,3.4,3.69,2.12,3.6,3.6,1.98,1.88,1.93,1.87,1.98,1.91,1.91,1.84,1.82,1.76,-0.5,2,1.85,1.99,1.83,2,1.85,1.94,1.79,2.12,1.84,,,,,,,,,,,,,,,,,,,,,,,,,,,,,,,,,,,,,,,,,,,,,,,,,,,,,,
E3,30/08/2025,15:00,Milton Keynes Dons,Walsall,S Mulhall,1.86,3.4,4,1.95,3.3,4.2,1.87,3.55,4,1.95,3.3,4,1.9,3.3,4.1,1.91,3.4,4.2,1.91,3.3,4.2,1.88,3.39,4.17,1.95,3.55,4.2,1.9,3.36,4.04,1.94,3.4,4.4,2.25,1.62,2.3,1.6,2.25,1.73,2.14,1.65,2.26,1.64,-0.5,1.95,1.9,1.89,1.93,1.95,1.92,1.87,1.86,1.94,1.98,,,,,,,,,,,,,,,,,,,,,,,,,,,,,,,,,,,,,,,,,,,,,,,,,,,,,,
E3,30/08/2025,15:00,Oldham,Gillingham,S Jackson,2.25,3.1,3.25,2.4,3,3.25,2.38,3.25,3,2.38,3.1,3.13,2.35,3.1,3.1,2.37,3.2,3.1,2.37,3.1,3.1,2.41,3.05,3.15,2.4,3.25,3.25,2.35,3.1,3.09,2.44,3,3.15,2.4,1.53,2.45,1.53,2.5,1.53,2.39,1.52,2.44,1.57,-0.25,2.03,1.83,2.05,1.79,2.03,1.83,1.94,1.76,2.07,1.78,,,,,,,,,,,,,,,,,,,,,,,,,,,,,,,,,,,,,,,,,,,,,,,,,,,,,,
E3,30/08/2025,15:00,Shrewsbury,Accrington,O Mackey,2.25,3.2,3.1,2.3,3.2,3.3,,,,2.3,3.2,3.13,2.25,3.2,3.1,2.3,3.25,3.2,2.3,3.25,3.1,2.29,3.24,3.14,2.3,3.25,3.3,2.28,3.21,3.14,2.3,3.15,3.3,2.25,1.62,2.28,1.62,2.25,1.62,2.21,1.61,2.24,1.73,-0.25,2,1.85,1.98,1.85,2,1.85,1.92,1.8,1.97,1.95,,,,,,,,,,,,,,,,,,,,,,,,,,,,,,,,,,,,,,,,,,,,,,,,,,,,,,
E3,30/08/2025,15:00,Tranmere,Notts County,Z Kennard-Kettle,2.25,3.1,3.2,2.38,3.2,3.1,2.25,3.55,3,2.3,3.25,3.1,2.3,3.3,2.95,2.37,3.3,3,2.3,3.3,3,2.28,3.22,3.18,2.38,3.55,3.2,2.28,3.28,3.04,2.28,3.4,3.35,2.1,1.7,2.09,1.72,2.1,1.78,2.02,1.72,2.08,1.77,-0.25,2,1.85,1.97,1.85,2,1.85,1.9,1.81,1.96,1.99,,,,,,,,,,,,,,,,,,,,,,,,,,,,,,,,,,,,,,,,,,,,,,,,,,,,,,
EC,30/08/2025,12:30,Solihull,Southend,P Marsden,4.75,3.6,1.65,5,3.6,1.67,4.1,3.6,1.68,4.75,3.6,1.65,4.2,3.6,1.66,4.2,3.6,1.67,4.2,3.6,1.67,4.71,3.72,1.73,5,3.7,1.73,4.45,3.59,1.67,5,3.65,1.8,1.9,1.9,1.93,1.88,1.91,1.9,1.84,1.84,1.92,1.89,0.75,1.93,1.88,1.88,1.95,1.93,1.88,1.86,1.85,1.89,2.01,,,,,,,,,,,,,,,,,,,,,,,,,,,,,,,,,,,,,,,,,,,,,,,,,,,,,,
EC,30/08/2025,15:00,Braintree Town,Forest Green,R Eley,4,3.4,1.83,3.75,3.4,1.9,3.1,3.35,2,3.9,3.4,1.83,3.5,3.3,1.88,3.5,3.3,1.91,3.5,3.3,1.91,3.87,3.59,1.88,4,3.6,2,3.58,3.38,1.9,3.95,3.05,1.89,1.98,1.83,1.94,1.86,1.98,1.9,1.87,1.82,1.82,1.75,0.5,1.95,1.85,1.93,1.89,1.95,1.93,1.86,1.84,1.98,1.89,,,,,,,,,,,,,,,,,,,,,,,,,,,,,,,,,,,,,,,,,,,,,,,,,,,,,,
EC,30/08/2025,15:00,Eastleigh,Altrincham,R Martin,2.6,3.5,2.35,2.75,3.4,2.38,2.48,3.3,2.48,2.6,3.4,2.4,2.55,3.4,2.25,2.6,3.4,2.3,2.6,3.4,2.3,2.64,3.55,2.47,2.75,3.6,2.5,2.58,3.38,2.39,2.7,3.45,2.42,1.75,2.05,1.75,2.07,1.75,2.06,1.72,1.99,1.74,2.06,0,2,1.8,1.97,1.85,2,1.8,1.95,1.77,2.01,1.81,,,,,,,,,,,,,,,,,,,,,,,,,,,,,,,,,,,,,,,,,,,,,,,,,,,,,,
EC,30/08/2025,15:00,Gateshead,Aldershot,D Watson,2.15,3.6,2.88,2.2,3.5,3,2.23,3.45,2.7,2.15,3.6,2.88,2.1,3.5,2.8,2.1,3.5,2.8,2.1,3.5,2.8,2.21,3.81,2.84,2.25,3.8,3,2.17,3.54,2.79,2.22,3.75,2.88,1.6,2.3,1.6,2.32,1.61,2.3,1.58,2.2,1.6,2.38,-0.25,1.95,1.85,1.96,1.85,1.95,1.85,1.9,1.81,1.96,1.88,,,,,,,,,,,,,,,,,,,,,,,,,,,,,,,,,,,,,,,,,,,,,,,,,,,,,,
EC,30/08/2025,15:00,Halifax,Yeovil,R Aspinall,2.38,2.9,3,2.4,2.88,3.1,2.18,3.1,3,2.38,2.9,3.1,2.3,2.9,2.9,2.3,2.9,2.9,2.3,2.9,2.9,2.42,3.09,3.05,2.42,3.1,3.1,2.3,2.97,3.01,2.22,2.8,2.8,2.6,1.48,2.62,1.47,2.6,1.58,2.41,1.5,2.4,1.41,-0.25,2.03,1.78,2.08,1.76,2.03,1.78,1.98,1.73,1.87,1.54,,,,,,,,,,,,,,,,,,,,,,,,,,,,,,,,,,,,,,,,,,,,,,,,,,,,,,
EC,30/08/2025,15:00,Hartlepool,Boreham Wood,J O'Connor,1.73,3.9,3.9,1.73,3.6,4.33,1.8,3.55,3.6,1.75,3.5,4.2,1.75,3.4,3.9,1.75,3.4,3.9,1.75,3.4,3.9,1.76,3.69,4.29,1.8,3.9,4.33,1.76,3.56,3.95,1.68,3.3,3.85,1.9,1.9,1.91,1.89,1.9,2.02,1.8,1.89,1.78,1.76,-0.75,2,1.8,2.03,1.81,2.01,1.8,1.96,1.75,1.86,1.69,,,,,,,,,,,,,,,,,,,,,,,,,,,,,,,,,,,,,,,,,,,,,,,,,,,,,,
EC,30/08/2025,15:00,Morecambe,Woking,D Brown,2.25,3.4,2.75,2.3,3.4,2.88,2.1,3.4,2.9,2.25,3.4,2.8,2.2,3.3,2.75,2.2,3.3,2.75,2.2,3.3,2.75,2.33,3.51,2.84,2.3,3.5,2.9,2.2,3.38,2.82,2.18,3.25,2.6,1.7,2.1,1.72,2.1,1.7,2.15,1.67,2.06,1.62,1.96,-0.25,2.03,1.78,2.05,1.79,2.03,1.8,1.95,1.76,1.94,1.67,,,,,,,,,,,,,,,,,,,,,,,,,,,,,,,,,,,,,,,,,,,,,,,,,,,,,,
EC,30/08/2025,15:00,Sutton,Carlisle,D Drysdale,3.3,3.4,2,3.4,3.4,2.05,3.1,3.4,2.02,3.25,3.4,2.05,3.1,3.4,1.98,3.1,3.4,2,3.1,3.4,2,3.33,3.62,2.04,3.4,3.6,2.08,3.21,3.41,2.01,1.09,3.25,1.9,1.83,1.98,1.85,1.96,1.83,1.98,1.77,1.93,1.74,1.84,0.25,2.03,1.78,2.04,1.79,2.03,1.78,1.96,1.75,2.11,1.68,,,,,,,,,,,,,,,,,,,,,,,,,,,,,,,,,,,,,,,,,,,,,,,,,,,,,,
EC,30/08/2025,15:00,Truro,Boston Utd,N Smith,3,3.3,2.2,3,3.3,2.25,2.55,3.25,2.43,2.9,3.25,2.25,2.87,3.3,2.1,2.87,3.3,2.15,2.87,3.3,2.15,2.9,3.63,2.25,3,3.5,2.43,2.81,3.3,2.26,2.7,3.25,2.08,1.95,1.85,1.95,1.85,1.95,1.86,1.88,1.82,1.92,1.86,0.25,1.83,1.98,1.84,1.98,1.83,1.98,1.79,1.91,1.69,1.8,,,,,,,,,,,,,,,,,,,,,,,,,,,,,,,,,,,,,,,,,,,,,,,,,,,,,,
EC,30/08/2025,15:00,Wealdstone,Rochdale,L Swabey,3.6,3.3,1.95,3.4,3.4,2.05,3,3.3,2.08,3.3,3.4,2,3.2,3.3,1.95,3.25,3.3,1.95,3.25,3.3,1.95,3.45,3.31,2.1,3.6,3.5,2.08,3.25,3.32,2.02,3.1,3,2.02,1.9,1.9,1.91,1.89,1.9,1.9,1.81,1.87,1.79,1.79,0.25,2.05,1.75,2,1.83,2.05,1.77,1.98,1.73,1.84,1.77,,,,,,,,,,,,,,,,,,,,,,,,,,,,,,,,,,,,,,,,,,,,,,,,,,,,,,
EC,30/08/2025,17:30,Brackley Town,Scunthorpe,C Walchester,2.05,3.25,3.4,2.15,3.3,3.2,1.89,3.4,3.5,2.05,3.3,3.25,2,3.2,3.2,2.05,3.2,3.2,2.05,3.2,3.2,2.08,3.39,3.43,2.15,3.4,3.5,2.01,3.31,3.32,1.95,3,3.05,1.9,1.9,1.9,1.9,1.9,1.93,1.8,1.89,1.78,1.76,-0.25,1.78,2.03,1.81,2.02,1.78,2.03,1.76,1.96,1.66,1.82,,,,,,,,,,,,,,,,,,,,,,,,,,,,,,,,,,,,,,,,,,,,,,,,,,,,,,
F1,29/08/2025,19:45,Lens,Brest,,1.85,3.75,4,1.83,3.75,4.2,1.84,3.7,4.1,1.83,3.7,4.1,1.87,3.7,4,1.85,3.7,4,1.85,3.6,3.9,1.88,3.83,4.24,1.88,3.8,4.2,1.84,3.68,4.05,1.91,3.9,4.4,1.8,2,1.85,2.07,1.87,2.04,1.8,1.96,1.87,2.1,-0.5,1.85,2,1.88,2.04,1.87,2,1.82,1.94,1.91,2.08,,,,,,,,,,,,,,,,,,,,,,,,,,,,,,,,,,,,,,,,,,,,,,,,,,,,,,
F1,30/08/2025,16:00,Lorient,Lille,,3.4,3.5,2.1,3.4,3.4,2.15,3.3,3.55,2.12,3.2,3.4,2.05,3.3,3.5,2.1,3.3,3.5,2.15,3.3,3.5,2.1,3.44,3.62,2.14,3.4,3.55,2.15,3.3,3.48,2.11,3.6,3.65,2.2,1.88,1.98,1.88,2,1.92,1.98,1.85,1.89,1.91,2.04,0.25,2,1.85,2.05,1.86,2,1.85,1.95,1.75,2.08,1.9,,,,,,,,,,,,,,,,,,,,,,,,,,,,,,,,,,,,,,,,,,,,,,,,,,,,,,
F1,30/08/2025,18:00,Nantes,Auxerre,,2.2,3.4,3.25,2.25,3.2,3.4,2.28,3.25,3.25,2.2,3.13,3.2,2.3,3.2,3.2,2.3,3.2,3.2,2.3,3.2,3.2,2.33,3.27,3.34,2.36,3.4,3.4,2.26,3.2,3.24,2.36,3.35,3.4,2.2,1.67,2.22,1.71,2.2,1.7,2.14,1.66,2.26,1.75,-0.25,1.93,1.93,2,1.91,1.95,1.93,1.87,1.87,2.01,1.95,,,,,,,,,,,,,,,,,,,,,,,,,,,,,,,,,,,,,,,,,,,,,,,,,,,,,,
F1,30/08/2025,20:05,Toulouse,Paris SG,,8.5,5.25,1.33,9,5,1.33,7.5,5.25,1.36,8.5,5,1.3,8.75,5.25,1.34,9,5,1.35,8,4.8,1.3,8.47,5.48,1.36,9,5.4,1.37,8.17,5.12,1.34,9.4,5.8,1.37,1.57,2.38,1.59,2.46,1.6,2.4,1.56,2.34,1.61,2.52,1.5,1.88,1.98,1.9,2.01,1.88,2.02,1.8,1.95,1.94,2.01,,,,,,,,,,,,,,,,,,,,,,,,,,,,,,,,,,,,,,,,,,,,,,,,,,,,,,
F1,31/08/2025,14:00,Angers,Rennes,,3.4,3.5,2.1,3.5,3.3,2.15,3.4,3.45,2.12,3.3,3.1,2.05,3.25,3.4,2.15,3.25,3.4,2.15,3.25,3.4,2.15,3.47,3.53,2.16,3.5,3.5,2.15,3.34,3.37,2.11,3.75,3.55,2.16,2.05,1.8,2.08,1.82,2.08,1.8,2,1.76,2.1,1.84,0.25,2.03,1.83,2.03,1.88,2.03,1.83,1.96,1.74,2.14,1.85,,,,,,,,,,,,,,,,,,,,,,,,,,,,,,,,,,,,,,,,,,,,,,,,,,,,,,
F1,31/08/2025,16:15,Le Havre,Nice,,3.6,3.5,2.05,3.5,3.4,2.1,3.45,3.75,2.02,3.4,3.4,2,3.5,3.4,2.1,3.5,3.4,2.1,3.4,3.4,2.1,3.64,3.59,2.08,3.6,3.75,2.1,3.44,3.51,2.05,3.6,3.5,2.16,1.88,1.98,1.88,2,1.93,1.98,1.85,1.9,1.89,2.02,0.5,1.8,2.05,1.83,2.09,1.81,2.05,1.76,2,1.78,2.16,,,,,,,,,,,,,,,,,,,,,,,,,,,,,,,,,,,,,,,,,,,,,,,,,,,,,,
F1,31/08/2025,16:15,Monaco,Strasbourg,,1.55,4.33,5.5,1.53,4.33,6,1.53,4.6,5.6,1.5,4.1,5.5,1.55,4.33,5.5,1.55,4.33,5.5,1.55,4.33,5.5,1.56,4.56,5.64,1.57,4.6,6,1.53,4.34,5.5,1.58,5,5.7,1.62,2.3,1.62,2.39,1.66,2.3,1.61,2.23,1.64,2.42,-1,1.9,1.95,1.93,1.97,1.9,1.95,1.87,1.89,1.93,1.98,,,,,,,,,,,,,,,,,,,,,,,,,,,,,,,,,,,,,,,,,,,,,,,,,,,,,,
F1,31/08/2025,16:15,Paris FC,Metz,,1.8,3.7,4.33,1.83,3.6,4.33,1.84,3.65,4.2,1.75,3.5,4.33,1.85,3.6,4.2,1.85,3.6,4.2,1.85,3.5,4.2,1.84,3.76,4.43,1.85,3.75,4.33,1.82,3.6,4.23,1.89,3.8,4.7,1.98,1.88,1.97,1.92,1.98,1.91,1.92,1.83,2.02,1.9,-0.5,1.8,2.05,1.85,2.07,1.84,2.05,1.8,1.96,1.89,2.11,,,,,,,,,,,,,,,,,,,,,,,,,,,,,,,,,,,,,,,,,,,,,,,,,,,,,,
F1,31/08/2025,19:45,Lyon,Marseille,,2.63,3.6,2.5,2.75,3.6,2.4,2.63,3.9,2.4,2.55,3.6,2.38,2.7,3.7,2.4,2.7,3.7,2.4,2.7,3.6,2.4,2.74,3.75,2.49,2.75,3.9,2.5,2.65,3.68,2.4,2.84,3.8,2.52,1.53,2.4,1.56,2.53,1.55,2.55,1.53,2.4,1.62,2.56,0,2.03,1.83,2.05,1.86,2.03,1.85,1.96,1.8,2.1,1.87,,,,,,,,,,,,,,,,,,,,,,,,,,,,,,,,,,,,,,,,,,,,,,,,,,,,,,
F2,29/08/2025,19:00,Dunkerque,Troyes,,2.9,3.25,2.25,3,3.1,2.38,2.7,3.4,2.38,3,3.25,2.3,2.9,3.2,2.37,2.8,3.1,2.3,2.8,3.1,2.3,3.04,3.37,2.42,3,3.4,2.38,2.87,3.24,2.34,3.15,3.4,2.46,2.03,1.78,2.09,1.79,2.03,1.8,1.99,1.74,2.14,1.82,0.25,1.83,1.98,1.82,2.09,1.83,2.05,1.73,1.96,1.85,2.1,,,,,,,,,,,,,,,,,,,,,,,,,,,,,,,,,,,,,,,,,,,,,,,,,,,,,,
F2,29/08/2025,19:00,Laval,Clermont,,2.05,3.25,3.4,2.05,3.3,3.5,2,3.35,3.55,2.05,3.4,3.5,2.05,3.25,3.6,2,3.1,3.4,2,3.1,3.4,2.09,3.31,3.84,2.05,3.4,3.8,2.02,3.28,3.52,2.16,3.45,3.85,2.03,1.78,2.07,1.82,2.03,1.8,1.98,1.75,2.08,1.85,-0.5,2.05,1.75,2.1,1.81,2.05,1.83,1.99,1.75,2.16,1.84,,,,,,,,,,,,,,,,,,,,,,,,,,,,,,,,,,,,,,,,,,,,,,,,,,,,,,
F2,29/08/2025,19:00,Montpellier,Amiens,,1.5,4.2,5.5,1.5,4,6,1.46,4.35,6,1.5,4.1,6.5,1.53,4.1,5.75,1.5,3.9,5.25,1.5,3.9,5.25,1.54,4.4,5.98,1.53,4.35,6.5,1.49,4.13,5.87,1.54,4.5,7.4,1.8,2,1.88,2,1.83,2,1.79,1.92,1.9,2.04,-1,1.83,1.98,1.91,1.98,1.85,1.98,1.79,1.92,1.89,2.02,,,,,,,,,,,,,,,,,,,,,,,,,,,,,,,,,,,,,,,,,,,,,,,,,,,,,,
F2,29/08/2025,19:00,Nancy,Pau FC,,1.95,3.25,3.6,1.95,3.1,3.6,1.88,3.5,3.75,2,3.5,3.5,2.05,3.25,3.6,1.95,3.1,3.4,1.95,3.1,3.4,2.09,3.44,3.69,2.05,3.5,3.75,1.95,3.32,3.61,2.12,3.55,3.8,2.15,1.67,2.24,1.69,2.2,1.67,2.12,1.65,2.28,1.73,-0.5,2.03,1.78,2.09,1.8,2.03,1.88,1.93,1.79,2.12,1.85,,,,,,,,,,,,,,,,,,,,,,,,,,,,,,,,,,,,,,,,,,,,,,,,,,,,,,
F2,29/08/2025,19:00,Red Star,Annecy,,1.8,3.3,4.2,1.83,3.25,4.33,1.86,3.5,3.85,1.83,3.4,4.33,1.88,3.3,4.1,1.83,3.2,3.9,1.83,3.2,3.9,1.93,3.38,4.38,1.91,3.5,4.33,1.84,3.34,4.09,1.94,3.4,4.8,2.2,1.65,2.31,1.65,2.21,1.65,2.16,1.62,2.32,1.71,-0.5,1.83,1.98,1.94,1.94,1.89,1.98,1.83,1.88,1.94,2.01,,,,,,,,,,,,,,,,,,,,,,,,,,,,,,,,,,,,,,,,,,,,,,,,,,,,,,
F2,29/08/2025,19:00,Rodez,Boulogne,,1.75,3.3,4.33,1.8,3.5,4.2,1.7,3.75,4.4,1.83,3.6,4.1,1.82,3.5,4.2,1.75,3.3,4,1.75,3.3,4,1.86,3.69,4.29,1.83,3.75,4.4,1.77,3.53,4.21,1.86,3.7,4.5,1.88,1.93,1.93,1.94,1.9,1.93,1.85,1.84,1.97,2,-0.5,1.83,1.98,1.87,2.02,1.83,2.08,1.75,1.98,1.86,2.06,,,,,,,,,,,,,,,,,,,,,,,,,,,,,,,,,,,,,,,,,,,,,,,,,,,,,,
F2,30/08/2025,13:00,Bastia,Guingamp,,2.1,3.25,3.25,2.1,3.25,3.4,2.15,3.4,3.1,2.1,3.25,3.3,2.1,3.3,3.3,2.05,3.2,3.2,2.05,3.2,3.2,2.09,3.36,3.55,2.15,3.4,3.6,2.1,3.28,3.26,2.1,3.35,3.55,2.03,1.78,2.04,1.81,2.03,1.8,1.96,1.76,2.02,1.82,-0.25,1.8,2,1.81,2.05,1.87,2,1.78,1.91,1.81,2.03,,,,,,,,,,,,,,,,,,,,,,,,,,,,,,,,,,,,,,,,,,,,,,,,,,,,,,
F2,30/08/2025,13:00,Reims,Le Mans,,1.8,3.25,4.33,1.8,3.4,4.33,1.67,3.65,4.75,1.8,3.4,4.2,1.82,3.4,4.33,1.75,3.25,4,1.75,3.25,4,1.8,3.56,4.48,1.83,3.65,4.75,1.76,3.44,4.34,1.84,3.5,4.7,2.1,1.7,2.07,1.77,2.1,1.75,2.04,1.7,2.12,1.76,-0.5,1.83,1.98,1.81,2.05,1.83,2.12,1.75,1.99,1.84,2.05,,,,,,,,,,,,,,,,,,,,,,,,,,,,,,,,,,,,,,,,,,,,,,,,,,,,,,
F2,30/08/2025,19:00,St Etienne,Grenoble,,1.5,3.8,6,1.5,4,6.5,1.49,4.25,5.6,1.5,4.1,6,1.52,4.2,5.75,1.48,3.9,5.25,1.48,3.9,5.25,1.5,4.36,6.03,1.52,4.3,6.5,1.49,4.08,5.82,1.5,4.4,6.8,1.75,2.05,1.75,2.09,1.75,2.05,1.72,2.01,1.76,2.12,-1,1.85,1.95,1.86,2,1.85,1.95,1.8,1.91,1.83,2.11,,,,,,,,,,,,,,,,,,,,,,,,,,,,,,,,,,,,,,,,,,,,,,,,,,,,,,
G1,30/08/2025,17:00,Volos NFC,Olympiakos,,15,5,1.22,13,5,1.2,11.5,5.6,1.23,13,5,1.22,13.5,5.5,1.24,11,5,1.22,11,5,1.22,13.83,5.13,1.26,15,5.6,1.25,12.5,5.24,1.22,14.5,5.9,1.24,1.95,1.85,1.92,1.92,1.95,1.94,1.83,1.87,1.93,1.91,1.5,2,1.8,2.05,1.82,2,1.8,1.96,1.75,2.04,1.81,,,,,,,,,,,,,,,,,,,,,,,,,,,,,,,,,,,,,,,,,,,,,,,,,,,,,,
G1,30/08/2025,17:30,Panserraikos,OFI Crete,,3,3.4,2.25,3,3.1,2.25,2.8,3.55,2.25,2.9,3.25,2.25,2.9,3.4,2.3,2.8,3.2,2.2,2.8,3.2,2.2,3.09,3.43,2.27,3.1,3.55,2.3,2.9,3.33,2.24,3.05,3.35,2.32,1.98,1.83,1.96,1.88,1.98,1.83,1.91,1.8,2,1.87,0.25,1.83,1.98,1.87,1.98,1.83,1.98,1.79,1.92,1.82,1.99,,,,,,,,,,,,,,,,,,,,,,,,,,,,,,,,,,,,,,,,,,,,,,,,,,,,,,
G1,30/08/2025,19:00,Aris,Panetolikos,,1.41,4.33,7,1.44,3.75,7,1.48,4.1,6.1,,,,1.49,4.1,6.5,1.44,3.9,5.75,1.44,3.9,5.75,1.46,4.25,7.09,1.49,4.33,7,1.45,4.04,6.37,1.49,4.2,8.4,2,1.8,2.02,1.83,2,1.8,1.95,1.76,2.16,1.83,-1,1.78,2.03,1.79,2.08,1.82,2.03,1.78,1.93,1.8,2.01,,,,,,,,,,,,,,,,,,,,,,,,,,,,,,,,,,,,,,,,,,,,,,,,,,,,,,
G1,30/08/2025,19:30,Larisa,Kifisia,,2.1,3.2,3.4,2.15,3,3.3,,,,2.15,3.1,3.25,2.2,3.1,3.4,2.1,3,3.2,2.1,3,3.2,2.22,2.95,3.74,2.2,3.2,3.75,2.15,3.05,3.35,2.1,1.09,3.6,2.3,1.6,2.3,1.62,2.3,1.6,2.24,1.58,1.45,1.25,-0.25,1.85,1.95,1.88,1.97,1.85,1.95,1.82,1.89,1.86,1.97,,,,,,,,,,,,,,,,,,,,,,,,,,,,,,,,,,,,,,,,,,,,,,,,,,,,,,
G1,31/08/2025,18:00,AEK,Asteras Tripolis,,1.22,6,10,1.22,5,11,1.26,5.4,10,1.22,5.25,11,1.26,5.75,10.5,1.22,5.25,9,1.22,5.25,9,1.25,5.72,10.75,1.26,6,11,1.24,5.35,10.13,1.27,5.5,1.09,1.7,2.1,1.65,2.21,1.74,2.2,1.69,2.05,1.48,2.12,-1.5,1.8,2,1.76,2.07,1.83,2,1.78,1.92,1.65,1.92,,,,,,,,,,,,,,,,,,,,,,,,,,,,,,,,,,,,,,,,,,,,,,,,,,,,,,
G1,31/08/2025,19:00,PAOK,Atromitos,,1.33,4.75,8.5,1.3,4.5,8.5,1.3,5.1,8.5,1.33,4.5,8,1.37,4.8,7.75,1.33,4.5,7,1.33,4.5,7,1.36,4.9,8.17,1.37,5.1,8.5,1.32,4.73,7.98,1.3,3.9,7.6,1.75,2.05,1.76,2.07,1.75,2.05,1.72,2,1.26,1.35,-1.5,2.05,1.75,2.08,1.76,2.05,1.8,1.97,1.74,1.37,1.54,,,,,,,,,,,,,,,,,,,,,,,,,,,,,,,,,,,,,,,,,,,,,,,,,,,,,,
G1,31/08/2025,20:00,Panathinaikos,Levadeiakos,,1.3,5,9.5,1.29,4.6,9,1.25,5.6,9.5,1.29,4.8,9,1.31,5.25,9,1.28,4.8,8,1.28,4.8,8,1.29,5.32,9.7,1.32,5.6,9.5,1.28,5.08,8.91,1.32,5.2,11,1.7,2.1,1.75,2.08,1.71,2.17,1.66,2.1,1.72,2.14,-1.5,1.95,1.85,1.98,1.86,1.95,1.97,1.84,1.86,1.98,1.87,,,,,,,,,,,,,,,,,,,,,,,,,,,,,,,,,,,,,,,,,,,,,,,,,,,,,,
I1,29/08/2025,17:30,Cremonese,Sassuolo,,2.6,3.2,2.75,2.6,3.2,2.8,2.55,3.25,2.88,2.6,3.13,2.8,2.5,3.25,2.85,2.5,3.25,2.87,2.5,3.2,2.87,2.66,3.25,2.9,2.6,3.25,2.9,2.55,3.2,2.82,2.72,3.35,2.98,2.1,1.73,2.14,1.78,2.11,1.77,2.04,1.74,2.18,1.83,0,1.85,2,1.88,2.05,1.85,2.07,1.76,2,1.9,2.09,,,,,,,,,,,,,,,,,,,,,,,,,,,,,,,,,,,,,,,,,,,,,,,,,,,,,,
I1,29/08/2025,19:45,Lecce,Milan,,6,3.9,1.57,6,4,1.57,6.25,4,1.55,6.5,3.8,1.55,5.75,4,1.58,5.75,4,1.6,5.75,3.9,1.57,6.32,3.93,1.62,6.5,4,1.6,6.03,3.94,1.57,6.6,4,1.66,2,1.85,2.03,1.88,2,1.85,1.96,1.81,2.1,1.88,1,1.8,2.05,1.85,2.09,1.84,2.05,1.8,1.97,1.85,2.13,,,,,,,,,,,,,,,,,,,,,,,,,,,,,,,,,,,,,,,,,,,,,,,,,,,,,,
I1,30/08/2025,17:30,Bologna,Como,,2.45,3.1,3.1,2.4,3.1,3.1,2.38,3.25,3.1,2.4,3.2,3,2.45,3.1,3,2.45,3.1,3,2.45,3.1,3,2.53,3.13,3.14,2.57,3.25,3.1,2.42,3.14,3.04,2.6,3.2,3.25,2.3,1.62,2.33,1.66,2.3,1.65,2.23,1.61,2.42,1.67,-0.25,2.1,1.78,2.15,1.79,2.1,1.79,1.98,1.76,2.19,1.81,,,,,,,,,,,,,,,,,,,,,,,,,,,,,,,,,,,,,,,,,,,,,,,,,,,,,,
I1,30/08/2025,17:30,Parma,Atalanta,,4.1,3.5,1.91,4,3.5,1.95,3.75,3.55,1.98,4,3.4,1.95,3.8,3.5,1.98,3.8,3.5,2,3.8,3.4,1.95,3.99,3.57,1.98,4.1,3.55,2.08,3.82,3.49,1.96,4.2,3.55,2.06,1.93,1.93,1.91,1.97,1.93,1.94,1.86,1.89,1.95,2,0.5,1.9,1.95,1.92,1.99,1.9,2,1.82,1.92,1.94,2.04,,,,,,,,,,,,,,,,,,,,,,,,,,,,,,,,,,,,,,,,,,,,,,,,,,,,,,
I1,30/08/2025,19:45,Napoli,Cagliari,,1.3,5,11,1.3,5,11,1.29,5.6,10.5,1.29,5.25,11,1.31,5.25,10.5,1.3,5.25,10,1.3,5.25,10,1.32,5.39,10.32,1.33,5.6,11,1.3,5.23,10.34,1.34,5.7,12,1.85,2,1.88,2,1.85,2.04,1.78,1.98,1.89,2.08,-1.5,1.98,1.88,2.01,1.9,1.98,1.92,1.9,1.86,2.04,1.91,,,,,,,,,,,,,,,,,,,,,,,,,,,,,,,,,,,,,,,,,,,,,,,,,,,,,,
I1,30/08/2025,19:45,Pisa,Roma,,5.25,3.6,1.7,5,3.6,1.73,5.1,3.9,1.67,5,3.7,1.7,4.75,3.7,1.73,4.8,3.7,1.75,4.6,3.7,1.73,5.15,3.76,1.74,5.33,3.9,1.75,4.96,3.69,1.7,5.6,3.85,1.78,2.03,1.83,2.04,1.85,2.03,1.83,1.97,1.79,2.06,1.88,0.75,1.9,1.95,1.93,1.97,1.94,1.95,1.86,1.88,1.97,2,,,,,,,,,,,,,,,,,,,,,,,,,,,,,,,,,,,,,,,,,,,,,,,,,,,,,,
I1,31/08/2025,17:30,Genoa,Juventus,,4.5,3.4,1.85,4.5,3.3,1.9,4.25,3.5,1.87,4.4,3.3,1.83,4.4,3.3,1.87,4.4,3.3,1.85,4.4,3.3,1.85,4.51,3.48,1.9,4.5,3.5,1.91,4.38,3.36,1.86,5,3.45,1.92,2.3,1.62,2.41,1.62,2.33,1.62,2.28,1.59,2.5,1.65,0.5,2,1.85,2,1.91,2,1.86,1.92,1.83,2.06,1.92,,,,,,,,,,,,,,,,,,,,,,,,,,,,,,,,,,,,,,,,,,,,,,,,,,,,,,
I1,31/08/2025,17:30,Torino,Fiorentina,,3.2,3.1,2.4,3.2,3.1,2.38,3.15,3.25,2.32,3.1,3.13,2.3,3.1,3.2,2.4,3.1,3.2,2.4,3.1,3.1,2.37,3.21,3.16,2.47,3.2,3.25,2.41,3.13,3.15,2.36,3.4,3.2,2.48,2.3,1.62,2.42,1.61,2.3,1.62,2.24,1.6,2.5,1.64,0.25,1.8,2.05,1.82,2.11,1.83,2.05,1.79,1.9,1.87,2.09,,,,,,,,,,,,,,,,,,,,,,,,,,,,,,,,,,,,,,,,,,,,,,,,,,,,,,
I1,31/08/2025,19:45,Inter,Udinese,,1.3,5.25,9.5,1.3,5.5,10,1.32,5.3,9,1.29,5.25,9.5,1.32,5.5,9.25,1.33,5.5,9,1.3,5.25,9,1.32,5.63,9.47,1.33,5.5,10,1.31,5.31,9.22,1.33,5.8,11,1.62,2.3,1.65,2.34,1.63,2.3,1.61,2.24,1.68,2.38,-1.5,1.93,1.93,1.95,1.95,1.94,1.93,1.9,1.86,1.96,1.95,,,,,,,,,,,,,,,,,,,,,,,,,,,,,,,,,,,,,,,,,,,,,,,,,,,,,,
I1,31/08/2025,19:45,Lazio,Verona,,1.48,4.33,7,1.44,4.2,7.5,1.44,4.75,6.75,1.44,4.2,7,1.46,4.4,7,1.48,4.4,7,1.44,4.4,7,1.48,4.47,7.12,1.48,4.75,7.5,1.45,4.41,6.9,1.5,4.6,8,1.93,1.93,1.94,1.94,1.93,1.97,1.84,1.91,1.94,2,-1.25,2.05,1.75,2.12,1.78,2.05,1.79,1.97,1.76,2.1,1.83,,,,,,,,,,,,,,,,,,,,,,,,,,,,,,,,,,,,,,,,,,,,,,,,,,,,,,
I2,29/08/2025,19:30,Reggiana,Empoli,,3.25,3,2.3,3.2,3,2.3,3.15,3,2.32,3.13,2.9,2.3,3.2,3,2.3,3,2.9,2.25,3,2.9,2.25,3.39,3.03,2.45,3.33,3,2.38,3.17,2.96,2.31,3.5,3.05,2.48,2.5,1.5,2.59,1.54,2.5,1.53,2.4,1.51,2.66,1.56,0.25,1.8,2,1.85,2.07,1.8,2,1.77,1.9,1.91,2.07,,,,,,,,,,,,,,,,,,,,,,,,,,,,,,,,,,,,,,,,,,,,,,,,,,,,,,
I2,30/08/2025,18:00,Juve Stabia,Venezia,,2.85,3.1,2.45,2.88,2.88,2.6,2.75,3.15,2.5,2.8,3,2.45,2.85,3,2.55,2.75,2.9,2.45,2.75,2.9,2.45,3.09,3,2.55,3,3.15,2.6,2.81,3.01,2.5,3.15,2.98,2.62,2.4,1.53,2.51,1.54,2.5,1.53,2.38,1.51,2.48,1.59,0,2.05,1.75,2.15,1.76,2.05,1.8,2,1.74,2.12,1.78,,,,,,,,,,,,,,,,,,,,,,,,,,,,,,,,,,,,,,,,,,,,,,,,,,,,,,
I2,30/08/2025,18:00,Mantova,Pescara,,2.2,3.25,3.25,2.25,3.2,3.1,2.1,3.5,3.2,2.2,3.25,3,2.25,3.4,2.95,2.1,3.2,3,2.2,3.2,2.8,2.31,3.43,3.08,2.25,3.5,3.25,2.17,3.33,3.08,2.28,3.65,3.15,1.98,1.83,2.01,1.85,1.98,1.83,1.91,1.79,1.97,1.9,-0.25,1.9,1.9,2.01,1.86,1.91,1.91,1.81,1.87,1.97,1.95,,,,,,,,,,,,,,,,,,,,,,,,,,,,,,,,,,,,,,,,,,,,,,,,,,,,,,
I2,30/08/2025,20:00,Cesena,Virtus Entella,,1.96,3.1,4.2,2,3.1,4,2.06,3.15,3.5,2,3.1,3.7,2.05,3.1,3.75,2,3,3.5,2,3,3.5,2.04,2.97,4.44,2.06,3.15,4.33,2.02,3.09,3.75,2.12,3.1,4.4,2.4,1.53,2.45,1.57,2.4,1.57,2.31,1.54,2.48,1.58,-0.5,2,1.8,2.06,1.82,2.02,1.8,1.99,1.74,2.1,1.84,,,,,,,,,,,,,,,,,,,,,,,,,,,,,,,,,,,,,,,,,,,,,,,,,,,,,,
I2,30/08/2025,20:00,Palermo,Frosinone,,1.76,3.25,5,1.83,3.4,4.2,1.83,3.35,4.25,1.75,3.4,4.33,1.83,3.3,4.33,1.8,3.2,4,1.8,3.2,4,1.84,3.2,5.07,1.83,3.4,5.33,1.8,3.31,4.4,1.8,3.35,5.3,2,1.8,2.04,1.83,2.05,1.8,1.98,1.74,2.06,1.82,-0.5,1.78,2.03,1.85,2.02,1.83,2.03,1.78,1.95,1.8,2.13,,,,,,,,,,,,,,,,,,,,,,,,,,,,,,,,,,,,,,,,,,,,,,,,,,,,,,
I2,30/08/2025,20:00,Spezia,Catanzaro,,1.91,3.4,3.8,2,3.2,3.75,1.95,3.4,3.6,1.95,3.2,3.7,2,3.3,3.75,1.95,3.1,3.5,1.95,3.1,3.5,1.99,3.33,4.03,2,3.4,3.8,1.96,3.27,3.66,2.14,3.35,4,2.2,1.65,2.25,1.67,2.2,1.65,2.17,1.61,2.3,1.68,-0.5,1.98,1.83,2.01,1.87,2,1.83,1.94,1.78,2.14,1.84,,,,,,,,,,,,,,,,,,,,,,,,,,,,,,,,,,,,,,,,,,,,,,,,,,,,,,
I2,31/08/2025,18:00,Carrarese,Padova,,2.15,3.1,3.5,2.15,3.1,3.4,2.06,3.25,3.55,2.15,3.1,3.25,2.2,3.1,3.25,2.15,3,3.1,2.15,3,3.1,2.24,3.27,3.36,2.2,3.25,3.55,2.14,3.12,3.35,2.28,3.2,3.45,2.3,1.6,2.35,1.61,2.3,1.6,2.25,1.57,2.3,1.63,-0.25,1.9,1.9,1.93,1.93,1.9,1.98,1.78,1.92,,,,,,,,,,,,,,,,,,,,,,,,,,,,,,,,,,,,,,,,,,,,,,,,,,,,,,,,
I2,31/08/2025,18:00,Sudtirol,Sampdoria,,2.45,3.2,2.82,2.6,3,2.8,2.55,3.2,2.7,2.5,3.1,2.7,2.5,3.1,2.8,2.4,3,2.7,2.4,3,2.7,2.62,3.07,2.93,2.6,3.2,2.85,2.51,3.09,2.75,2.58,2.8,2.92,2.25,1.62,2.27,1.65,2.35,1.62,2.23,1.58,2.08,1.67,0,1.8,2,1.82,2.04,1.8,2,1.77,1.97,,,,,,,,,,,,,,,,,,,,,,,,,,,,,,,,,,,,,,,,,,,,,,,,,,,,,,,,
I2,31/08/2025,20:00,Bari,Monza,,3.1,3,2.4,3,3,2.4,2.95,3.1,2.38,2.9,3,2.4,3,3,2.45,2.87,2.87,2.37,2.87,2.87,2.37,3.2,3,2.48,3.2,3.1,2.45,2.98,2.99,2.4,,,,2.35,1.57,2.45,1.56,2.4,1.57,2.32,1.54,,,0.25,1.75,2.05,1.78,2.1,1.75,2.05,1.72,1.97,,,,,,,,,,,,,,,,,,,,,,,,,,,,,,,,,,,,,,,,,,,,,,,,,,,,,,,,
I2,31/08/2025,20:00,Modena,Avellino,,2.15,3.2,3.4,2.15,3.2,3.3,2.06,3.35,3.4,2.1,3.2,3.25,2.1,3.3,3.3,2.05,3.2,3.2,2.05,3.2,3.2,2.19,3.21,3.55,2.15,3.35,3.45,2.1,3.25,3.33,1.36,1.76,3.1,2.1,1.7,2.15,1.71,2.17,1.73,2.08,1.67,1.01,1.24,-0.25,1.88,1.93,1.88,1.98,1.88,1.96,1.76,1.93,,,,,,,,,,,,,,,,,,,,,,,,,,,,,,,,,,,,,,,,,,,,,,,,,,,,,,,,
N1,29/08/2025,19:00,Groningen,Heracles,,1.62,3.9,5.25,1.62,4,5.5,1.57,4.1,5.4,1.6,3.9,5.25,1.62,4,5.25,1.61,4,5.25,1.61,4,5.25,1.65,4.07,5.44,1.62,4.1,5.5,1.6,3.99,5.29,1.66,4.2,6,1.8,2,1.84,2.06,1.81,2,1.78,1.96,1.86,2.12,-1,2.05,1.75,2.13,1.79,2.05,1.81,2,1.75,2.12,1.82,,,,,,,,,,,,,,,,,,,,,,,,,,,,,,,,,,,,,,,,,,,,,,,,,,,,,,
N1,30/08/2025,15:30,Volendam,Ajax,,7,5.5,1.36,8.5,5.5,1.33,7.5,5.6,1.32,7.5,5.25,1.33,7.75,5.25,1.36,7.5,5.25,1.36,7.5,5.25,1.35,7.43,5.63,1.34,8.5,5.75,1.36,7.53,5.39,1.34,8.8,5.9,1.38,1.4,2.88,1.4,3,1.44,2.9,1.4,2.79,1.44,3,1.5,1.85,1.95,1.93,1.94,1.9,1.95,1.85,1.89,1.92,1.95,,,,,,,,,,,,,,,,,,,,,,,,,,,,,,,,,,,,,,,,,,,,,,,,,,,,,,
N1,30/08/2025,17:45,Heerenveen,Go Ahead Eagles,,2.25,3.7,2.9,2.25,3.6,3,2.28,3.75,2.75,2.2,3.7,2.9,2.3,3.6,2.87,2.3,3.6,2.87,2.3,3.6,2.87,2.24,3.77,2.96,2.3,3.75,3,2.26,3.65,2.86,2.28,3.75,3.1,1.6,2.3,1.6,2.36,1.62,2.32,1.58,2.26,1.64,2.36,-0.25,1.95,1.85,1.98,1.89,2,1.85,1.91,1.8,2,1.93,,,,,,,,,,,,,,,,,,,,,,,,,,,,,,,,,,,,,,,,,,,,,,,,,,,,,,
N1,30/08/2025,19:00,PSV Eindhoven,Telstar,,1.08,12,19,1.08,11,23,1.06,11.5,23,1.07,11,22,1.09,13,20,1.09,13,19,1.09,13,19,1.08,12.65,17.91,1.09,13,23,1.08,11.44,21.19,1.11,12.5,26,1.18,4.5,1.16,4.9,1.2,4.6,1.18,4.42,1.19,5,-3,2.05,1.75,2.08,1.75,2.05,1.82,1.99,1.76,2.09,1.78,,,,,,,,,,,,,,,,,,,,,,,,,,,,,,,,,,,,,,,,,,,,,,,,,,,,,,
N1,30/08/2025,20:00,Excelsior,Twente,,3.8,4,1.83,4,3.75,1.83,3.9,3.9,1.79,3.8,3.9,1.83,3.8,3.8,1.88,3.8,3.8,1.85,3.8,3.75,1.85,4.02,3.98,1.81,4,4,1.88,3.83,3.86,1.82,4.3,4,1.88,1.57,2.35,1.58,2.39,1.58,2.38,1.56,2.31,1.63,2.42,0.5,1.98,1.83,2.04,1.81,2,1.83,1.95,1.79,2.09,1.9,,,,,,,,,,,,,,,,,,,,,,,,,,,,,,,,,,,,,,,,,,,,,,,,,,,,,,
N1,31/08/2025,11:15,For Sittard,Nijmegen,,3,3.75,2.2,3.2,3.6,2.15,3.15,3.65,2.08,3.1,3.6,2.15,3.1,3.7,2.15,3.1,3.7,2.15,3.1,3.7,2.15,3.08,3.73,2.18,3.2,3.75,2.2,3.08,3.65,2.14,3.25,3.85,2.24,1.67,2.15,1.68,2.2,1.67,2.2,1.66,2.13,1.23,2.18,0.25,1.9,1.9,1.93,1.92,1.94,1.9,1.9,1.78,2.01,1.95,,,,,,,,,,,,,,,,,,,,,,,,,,,,,,,,,,,,,,,,,,,,,,,,,,,,,,
N1,31/08/2025,13:30,Sparta Rotterdam,Feyenoord,,3.8,4,1.83,3.75,4,1.83,3.55,3.95,1.87,3.7,3.9,1.83,3.6,4.2,1.83,3.6,4.2,1.83,3.6,4.2,1.83,3.8,3.95,1.86,3.8,4.2,1.88,3.66,3.97,1.84,4,4.1,1.91,1.5,2.5,1.54,2.49,1.57,2.5,1.52,2.42,1.54,2.58,0.5,1.95,1.85,1.98,1.87,1.95,1.89,1.91,1.83,2.05,1.91,,,,,,,,,,,,,,,,,,,,,,,,,,,,,,,,,,,,,,,,,,,,,,,,,,,,,,
N1,31/08/2025,13:30,Zwolle,Utrecht,,3.1,3.6,2.2,3.1,3.5,2.25,3,3.65,2.17,3,3.5,2.2,3,3.7,2.15,3.1,3.7,2.15,3,3.7,2.15,3.06,3.63,2.23,3.1,3.7,2.25,3.03,3.58,2.18,3.4,3.55,2.26,1.7,2.1,1.7,2.17,1.73,2.2,1.68,2.09,1.61,2.16,0.25,1.85,1.95,1.9,1.95,1.9,1.95,1.86,1.82,1.99,1.95,,,,,,,,,,,,,,,,,,,,,,,,,,,,,,,,,,,,,,,,,,,,,,,,,,,,,,
N1,31/08/2025,15:45,NAC Breda,AZ Alkmaar,,5,4.5,1.57,5.5,4.33,1.57,5.4,4.5,1.5,5.25,4.33,1.55,5.25,4.2,1.58,5.25,4.2,1.57,5.25,4.2,1.57,5.19,4.45,1.56,5.5,4.6,1.58,5.22,4.34,1.55,6.2,4.4,1.59,1.57,2.35,1.58,2.4,1.57,2.38,1.56,2.32,1.01,1.25,1,1.85,1.95,1.9,1.95,1.95,1.95,1.86,1.87,,,,,,,,,,,,,,,,,,,,,,,,,,,,,,,,,,,,,,,,,,,,,,,,,,,,,,,,
P1,29/08/2025,20:15,Gil Vicente,Moreirense,,2.55,2.82,3.1,2.6,2.8,3.25,2.43,2.8,3.25,2.45,2.75,3.1,2.55,2.8,3.1,2.6,2.87,3.1,2.6,2.87,3.1,2.64,2.92,3.22,2.6,2.87,3.25,2.51,2.79,3.13,2.74,2.92,3.35,3.1,1.36,3.12,1.38,3.1,1.37,2.99,1.35,3.3,1.41,-0.25,2.1,1.7,2.2,1.74,2.11,1.72,2,1.7,2.27,1.76,,,,,,,,,,,,,,,,,,,,,,,,,,,,,,,,,,,,,,,,,,,,,,,,,,,,,,
P1,30/08/2025,15:30,Casa Pia,Nacional,,2.15,3.2,3.4,2.25,3.2,3.4,2.33,3.25,2.95,2.15,3.1,3.2,2.2,3.25,3.2,2.25,3.3,3.25,2.25,3.25,3.25,2.28,3.16,3.39,2.33,3.3,3.4,2.23,3.19,3.18,2.32,3.35,3.6,2.25,1.62,2.31,1.63,2.25,1.63,2.19,1.61,1.45,1.58,-0.25,1.93,1.93,1.96,1.91,2,1.93,1.89,1.81,1.97,1.99,,,,,,,,,,,,,,,,,,,,,,,,,,,,,,,,,,,,,,,,,,,,,,,,,,,,,,
P1,30/08/2025,18:00,AVS,Famalicao,,4,3.5,1.86,4.5,3.3,1.9,3.9,3.45,1.91,4.1,3.25,1.85,4.1,3.4,1.88,4.2,3.4,1.91,4.2,3.4,1.91,4.25,3.37,1.93,4.5,3.5,1.92,4.06,3.35,1.88,4.7,3.4,1.94,2.2,1.65,2.3,1.65,2.25,1.65,2.18,1.61,2.3,1.67,0.5,1.95,1.9,1.93,1.94,1.95,1.91,1.86,1.86,2,1.94,,,,,,,,,,,,,,,,,,,,,,,,,,,,,,,,,,,,,,,,,,,,,,,,,,,,,,
P1,30/08/2025,18:00,Guimaraes,Arouca,,1.76,3.6,4.33,1.8,3.6,4.6,1.77,3.8,4.2,1.75,3.5,4.2,1.8,3.6,4.2,1.83,3.6,4.33,1.8,3.6,4.2,1.81,3.58,4.51,1.83,3.8,4.6,1.77,3.62,4.24,1.81,3.75,5,2.03,1.83,2.04,1.83,2.03,1.83,1.95,1.78,1.92,1.9,-0.5,1.8,2.05,1.83,2.05,1.8,2.05,1.75,1.98,1.81,2.17,,,,,,,,,,,,,,,,,,,,,,,,,,,,,,,,,,,,,,,,,,,,,,,,,,,,,,
P1,30/08/2025,20:30,Sp Lisbon,Porto,,1.96,3.5,3.6,2,3.5,3.75,1.97,3.7,3.4,1.95,3.4,3.4,2.05,3.5,3.3,2.1,3.6,3.4,2.05,3.5,3.3,2.06,3.61,3.46,2.1,3.7,3.75,1.99,3.52,3.43,2.14,3.7,3.7,1.85,2,1.85,2,1.93,2,1.84,1.89,1.9,2,-0.5,2.03,1.83,2.07,1.8,2.05,1.85,1.97,1.77,2.14,1.85,,,,,,,,,,,,,,,,,,,,,,,,,,,,,,,,,,,,,,,,,,,,,,,,,,,,,,
P1,31/08/2025,15:30,Tondela,Estoril,,2.8,3.1,2.45,3,3.1,2.5,2.85,3.2,2.48,2.8,3.1,2.4,2.87,3.1,2.45,2.9,3.2,2.5,2.9,3.2,2.45,3,3.15,2.51,3,3.2,2.5,2.87,3.11,2.45,3.2,3,2.6,2.25,1.62,2.28,1.65,2.25,1.62,2.23,1.59,2.3,1.65,0,2.1,1.78,2.12,1.77,2.1,1.78,2.05,1.73,,,,,,,,,,,,,,,,,,,,,,,,,,,,,,,,,,,,,,,,,,,,,,,,,,,,,,,,
P1,31/08/2025,18:00,Alverca,Benfica,,15,6,1.17,12,6.5,1.2,13,6.4,1.19,13,5.75,1.18,13.5,5.75,1.23,13,6,1.22,13,6,1.22,10.21,7.08,1.22,15,6.5,1.23,12.97,6.08,1.19,16.5,6.6,1.22,1.6,2.3,1.6,2.34,1.62,2.3,1.59,2.24,1.63,2.36,1.75,2,1.85,2.04,1.81,2,1.85,1.89,1.8,1.99,1.86,,,,,,,,,,,,,,,,,,,,,,,,,,,,,,,,,,,,,,,,,,,,,,,,,,,,,,
P1,31/08/2025,20:30,Rio Ave,Sp Braga,,4.75,3.6,1.68,4.6,3.75,1.73,4.4,4,1.68,4.5,3.7,1.67,4.33,3.8,1.73,4.5,3.9,1.75,4.4,3.8,1.73,4.49,3.92,1.74,4.75,4,1.75,4.44,3.8,1.7,5.1,4,1.3,1.85,2,1.84,2,1.85,2,1.8,1.93,1.01,2,0.75,1.9,1.95,1.89,1.96,1.9,1.95,1.81,1.88,,,,,,,,,,,,,,,,,,,,,,,,,,,,,,,,,,,,,,,,,,,,,,,,,,,,,,,,
P1,31/08/2025,20:30,Santa Clara,Estrela,,1.81,3.4,4.33,1.9,3.25,4.5,1.87,3.35,4.2,1.83,3.13,4.33,1.87,3.25,4.4,1.91,3.3,4.5,1.85,3.25,4.5,1.88,3.33,4.51,1.91,3.4,4.5,1.85,3.26,4.32,1.9,3.2,5.1,2.4,1.53,2.48,1.55,2.55,1.53,2.44,1.5,2.48,1.57,-0.5,1.88,1.98,1.89,1.96,1.88,1.98,1.83,1.89,,,,,,,,,,,,,,,,,,,,,,,,,,,,,,,,,,,,,,,,,,,,,,,,,,,,,,,,
SC0,30/08/2025,15:00,Livingston,Hearts,D Nicolson,3.4,3.3,2.1,3.4,3.4,2.15,3.35,3.65,2.02,3.25,3.4,2.05,3.3,3.4,2.05,3.4,3.5,2.1,3.3,3.5,2.1,3.45,3.43,2.13,3.4,3.65,2.15,3.32,3.45,2.07,3.55,3.55,2.12,1.95,1.9,1.94,1.91,1.95,1.91,1.88,1.85,1.31,1.78,0.25,2,1.85,2.02,1.85,2,1.85,1.95,1.71,2.05,1.82,,,,,,,,,,,,,,,,,,,,,,,,,,,,,,,,,,,,,,,,,,,,,,,,,,,,,,
SC0,30/08/2025,15:00,Motherwell,Kilmarnock,D McFarlane,2.05,3.5,3.4,2.1,3.4,3.5,2.12,3.5,3.2,2.05,3.3,3.3,2.1,3.4,3.3,2.15,3.4,3.3,2.15,3.4,3.3,2.1,3.45,3.52,2.15,3.5,3.5,2.09,3.39,3.31,2.12,3.55,3.55,2,1.85,2.01,1.85,2,1.85,1.95,1.8,1.98,1.87,-0.25,1.83,2.03,1.83,2.06,1.83,2.03,1.76,1.93,1.85,2.07,,,,,,,,,,,,,,,,,,,,,,,,,,,,,,,,,,,,,,,,,,,,,,,,,,,,,,
SC0,31/08/2025,12:00,Rangers,Celtic,D Robertson,3.4,4,1.91,3.5,4,1.95,3.5,4.1,1.87,3.3,3.8,1.9,3.3,3.9,1.95,3.4,4,1.95,3.3,3.9,1.95,3.55,3.94,1.93,3.6,4.1,1.95,3.41,3.92,1.91,3.75,4.1,2,1.44,2.75,1.45,2.72,1.5,2.75,1.46,2.58,1.5,2.78,0.5,1.9,1.95,1.91,1.94,1.9,1.95,1.84,1.87,1.98,2,,,,,,,,,,,,,,,,,,,,,,,,,,,,,,,,,,,,,,,,,,,,,,,,,,,,,,
SC0,31/08/2025,14:00,Dundee,Dundee United,S McLean,2.45,3.3,2.6,,,,2.55,3.3,2.7,2.55,3.25,2.55,2.55,3.1,2.7,2.6,3.2,2.75,2.6,3.2,2.75,2.67,3.18,2.79,2.66,3.3,2.75,2.56,3.2,2.66,2.7,3.25,2.78,2,1.85,1.99,1.85,2.02,1.85,1.95,1.79,2,1.84,0,1.9,1.95,1.88,1.97,1.9,1.95,1.85,1.89,,,,,,,,,,,,,,,,,,,,,,,,,,,,,,,,,,,,,,,,,,,,,,,,,,,,,,,,
SC0,31/08/2025,15:00,Aberdeen,Falkirk,R Hardie,1.92,3.6,3.5,2,3.6,3.6,1.93,3.75,3.55,1.95,3.5,3.4,1.98,3.5,3.6,2.05,3.5,3.5,2.05,3.5,3.5,1.97,3.81,3.55,2.05,3.75,3.6,1.96,3.59,3.48,2.02,3.8,3.65,1.8,2,1.81,2.03,1.85,2,1.79,1.94,1.78,2.06,-0.5,2.03,1.83,1.98,1.88,2.03,1.83,1.94,1.79,2.03,1.92,,,,,,,,,,,,,,,,,,,,,,,,,,,,,,,,,,,,,,,,,,,,,,,,,,,,,,
SC0,31/08/2025,15:00,Hibernian,St Mirren,M MacDermid,1.87,3.5,3.9,1.95,3.5,4,1.84,3.75,3.9,1.9,3.4,3.7,1.9,3.4,3.9,1.91,3.5,4,1.91,3.4,4,1.93,3.53,3.97,1.95,3.75,4,1.89,3.51,3.85,2.02,3.55,4,1.93,1.93,1.93,1.91,1.94,1.93,1.89,1.84,1.92,1.92,-0.5,1.95,1.9,1.94,1.91,1.95,1.91,1.86,1.86,2.02,1.96,,,,,,,,,,,,,,,,,,,,,,,,,,,,,,,,,,,,,,,,,,,,,,,,,,,,,,
SC1,30/08/2025,15:00,Arbroath,Airdrie Utd,R Lee,2.1,3.5,3,2.15,3.3,3.2,2.02,3.65,3.15,2.1,3.4,3.1,2,3.3,3,2.05,3.4,3,2.05,3.4,3,2.22,3.41,3.1,2.15,3.65,3.2,2.07,3.45,3.09,2.08,3.05,2.84,1.85,1.95,1.87,1.93,1.85,1.95,1.78,1.92,1.75,1.81,-0.25,1.88,1.93,1.93,1.88,1.88,1.98,1.78,1.93,1.79,1.77,,,,,,,,,,,,,,,,,,,,,,,,,,,,,,,,,,,,,,,,,,,,,,,,,,,,,,
SC1,30/08/2025,15:00,Ayr,Queens Park,J Beaton,1.67,3.9,4.2,1.67,3.75,4.6,1.55,4.2,5,1.67,3.7,4.5,1.63,3.7,4.2,1.65,3.7,4.2,1.65,3.7,4.2,1.63,3.94,4.87,1.7,4.2,5,1.62,3.86,4.55,1.71,3.5,4.1,1.8,2,1.79,2.01,1.8,2.02,1.73,1.98,1.7,1.87,-0.75,1.93,1.88,1.82,2,1.93,2.06,1.78,1.92,1.85,1.86,,,,,,,,,,,,,,,,,,,,,,,,,,,,,,,,,,,,,,,,,,,,,,,,,,,,,,
SC1,30/08/2025,15:00,Dunfermline,Ross County,N Walsh,2.6,3.1,2.6,2.63,3,2.75,2.55,3.25,2.6,2.6,3,2.63,2.45,3,2.6,2.45,3,2.6,2.45,3,2.6,2.65,3.12,2.72,2.65,3.25,2.75,2.56,3.08,2.61,2.72,3,2.72,2.25,1.62,2.29,1.6,2.25,1.62,2.2,1.6,2.24,1.64,0,1.9,1.9,1.88,1.93,1.9,1.9,1.86,1.86,1.9,1.91,,,,,,,,,,,,,,,,,,,,,,,,,,,,,,,,,,,,,,,,,,,,,,,,,,,,,,
SC1,30/08/2025,15:00,Partick,Raith Rvs,P Stuart,2.5,3.3,2.55,2.63,3.1,2.63,2.6,3.3,2.55,2.6,3.1,2.6,2.55,3,2.45,2.6,3.1,2.5,2.6,3.1,2.5,2.59,3.19,2.74,2.65,3.3,2.63,2.58,3.15,2.55,2.38,2.88,2.52,2.15,1.67,2.14,1.69,2.2,1.67,2.13,1.63,1.99,1.68,0,1.85,1.95,1.85,1.97,1.93,1.95,1.86,1.86,1.66,1.75,,,,,,,,,,,,,,,,,,,,,,,,,,,,,,,,,,,,,,,,,,,,,,,,,,,,,,
SC1,30/08/2025,15:00,St Johnstone,Morton,G Irvine,1.48,4.2,5.5,1.5,4,6.5,1.42,4.4,6.25,1.45,4,6.5,1.44,4,5.75,1.44,4,5.75,1.44,4,5.75,1.49,4.19,6.1,1.5,4.4,6.5,1.45,4.13,6.05,1.51,4.1,6.8,1.85,1.95,1.88,1.93,1.85,1.95,1.79,1.92,1.75,1.82,-1,1.83,1.98,1.85,1.97,1.83,2.06,1.76,1.97,1.75,1.83,,,,,,,,,,,,,,,,,,,,,,,,,,,,,,,,,,,,,,,,,,,,,,,,,,,,,,
SC2,30/08/2025,15:00,Inverness C,Alloa,S Murdoch,1.57,4,4.5,1.57,4,5,1.57,4,4.5,1.57,4,4.8,1.57,4,4.33,1.57,4,4.33,1.57,4,4.33,1.56,4.12,4.52,1.61,4.2,5,1.57,3.97,4.48,1.58,4.1,5.1,1.53,2.38,1.53,2.3,1.55,2.4,1.52,2.33,1.65,2.38,-1,1.98,1.83,1.93,1.83,2.07,1.83,1.98,1.73,1.93,1.82,,,,,,,,,,,,,,,,,,,,,,,,,,,,,,,,,,,,,,,,,,,,,,,,,,,,,,
SC2,30/08/2025,15:00,Montrose,Peterhead,G Grainger,2.38,3.3,2.7,2.4,3.25,2.75,2.33,3.4,2.6,2.38,3.3,2.7,2.3,3.3,2.6,2.3,3.3,2.62,2.3,3.3,2.62,2.41,3.5,2.65,2.41,3.45,2.75,2.33,3.31,2.64,2.4,3.5,2.8,1.83,1.98,1.83,1.97,1.83,1.98,1.78,1.9,1.81,1.99,0,1.78,2.03,1.82,2.01,1.78,2.03,1.74,1.95,1.79,2.04,,,,,,,,,,,,,,,,,,,,,,,,,,,,,,,,,,,,,,,,,,,,,,,,,,,,,,
SC2,30/08/2025,15:00,Queen of Sth,Kelty Hearts,G Hanvidge,1.55,3.7,5.25,1.53,4,5.5,1.52,3.8,5.4,1.53,4,5.25,1.52,3.9,5,1.53,3.9,4.8,1.53,3.9,4.8,1.55,3.91,5.4,1.56,4,5.5,1.52,3.84,5.15,1.56,3.7,5.1,1.75,2.05,1.77,2,1.77,2.1,1.72,1.98,1.65,2.04,-1,1.95,1.85,1.98,1.83,2,1.85,1.92,1.77,1.97,1.82,,,,,,,,,,,,,,,,,,,,,,,,,,,,,,,,,,,,,,,,,,,,,,,,,,,,,,
SC2,30/08/2025,15:00,Stenhousemuir,East Fife,G Soutar,2.45,3.3,2.55,2.5,3.3,2.63,2.48,3.4,2.43,2.5,3.3,2.55,2.35,3.3,2.5,2.37,3.3,2.5,2.37,3.3,2.5,2.43,3.51,2.62,2.5,3.5,2.65,2.42,3.32,2.51,2.44,3.35,2.74,1.83,1.98,1.82,1.99,1.83,1.98,1.76,1.92,1.8,2,0,1.85,1.95,1.84,1.98,1.89,1.95,1.82,1.86,1.8,1.99,,,,,,,,,,,,,,,,,,,,,,,,,,,,,,,,,,,,,,,,,,,,,,,,,,,,,,
SC2,30/08/2025,17:30,Hamilton,Cove Rangers,C Scott,1.85,3.5,3.6,1.91,3.4,3.75,1.87,3.4,3.55,1.87,3.5,3.7,1.85,3.3,3.6,1.85,3.3,3.6,1.85,3.3,3.6,1.93,3.49,3.62,1.92,3.55,3.75,1.86,3.38,3.58,1.81,3.15,3.3,1.83,1.98,1.86,1.94,1.83,1.98,1.78,1.9,1.71,1.84,-0.5,1.9,1.9,1.94,1.87,1.92,1.9,1.87,1.81,1.84,1.87,,,,,,,,,,,,,,,,,,,,,,,,,,,,,,,,,,,,,,,,,,,,,,,,,,,,,,
SC3,30/08/2025,15:00,Clyde,Elgin,C Stirling,2.45,3.25,2.6,2.38,3.25,2.8,2.12,3.6,2.8,2.38,3.3,2.63,2.3,3.25,2.6,2.2,3.3,2.75,2.3,3.3,2.62,2.33,3.4,2.57,2.45,3.6,2.8,2.26,3.35,2.69,2.26,3.05,2.48,1.83,1.98,1.78,1.95,1.83,2.04,1.75,1.95,1.69,1.81,-0.25,2.1,1.7,2.04,1.69,2.1,1.83,1.95,1.74,1.94,1.87,,,,,,,,,,,,,,,,,,,,,,,,,,,,,,,,,,,,,,,,,,,,,,,,,,,,,,
SC3,30/08/2025,15:00,Dumbarton,Edinburgh City,J Wilkie,1.75,3.6,4,1.8,3.5,4,1.75,3.85,3.55,1.8,3.6,3.8,1.73,3.5,3.8,1.75,3.6,3.8,1.75,3.6,3.8,1.81,3.85,3.66,1.83,3.85,4,1.76,3.63,3.71,1.73,3.5,3.45,1.8,2,1.81,1.98,1.8,2.04,1.72,1.98,1.7,1.92,-0.5,1.8,2,1.81,1.98,1.8,2,1.77,1.92,1.73,1.89,,,,,,,,,,,,,,,,,,,,,,,,,,,,,,,,,,,,,,,,,,,,,,,,,,,,,,
SC3,30/08/2025,15:00,East Kilbride,Forfar,D Graves,1.55,4.1,4.75,1.57,3.75,5.5,1.54,3.75,5.1,1.55,3.8,5.25,1.53,3.8,4.8,1.55,3.8,4.8,1.55,3.8,4.8,1.58,3.83,5.26,1.59,4.1,5.5,1.55,3.76,5.01,1.53,3.5,4.7,1.75,2.05,1.85,1.93,1.82,2.05,1.75,1.93,1.73,1.83,-1,2,1.8,2.01,1.79,2.05,1.8,1.98,1.72,1.82,1.6,,,,,,,,,,,,,,,,,,,,,,,,,,,,,,,,,,,,,,,,,,,,,,,,,,,,,,
SC3,30/08/2025,15:00,Spartans,Annan Athletic,J Hay,1.8,3.5,3.8,1.9,3.4,3.75,1.78,3.5,3.8,1.8,3.5,4,1.8,3.4,3.7,1.8,3.4,3.7,1.8,3.4,3.7,1.82,3.6,3.87,1.9,3.6,4,1.8,3.45,3.73,1.81,3.35,3.9,1.85,1.95,1.85,1.93,1.85,1.95,1.79,1.89,1.73,1.95,-0.5,1.8,2,1.82,1.97,1.85,2,1.8,1.89,1.81,2.02,,,,,,,,,,,,,,,,,,,,,,,,,,,,,,,,,,,,,,,,,,,,,,,,,,,,,,
SC3,30/08/2025,15:00,Stirling,Stranraer,L Hogarth,1.75,3.5,4,1.8,3.4,4.2,1.79,3.25,4.1,1.8,3.4,4,1.78,3.4,3.75,1.8,3.4,3.75,1.8,3.4,3.75,1.81,3.53,4.01,1.86,3.55,4.2,1.79,3.34,3.92,1.84,3.3,4.1,1.93,1.88,1.91,1.88,1.93,1.88,1.87,1.81,1.9,1.87,-0.5,1.83,1.98,1.81,1.99,1.84,1.98,1.8,1.88,1.84,1.94,,,,,,,,,,,,,,,,,,,,,,,,,,,,,,,,,,,,,,,,,,,,,,,,,,,,,,
SP1,29/08/2025,18:30,Elche,Levante,,2.15,3.25,3.5,2.2,3.2,3.5,2.14,3.2,3.6,2.2,3.1,3.6,2.2,3.2,3.5,2.2,3.2,3.5,2.15,3.2,3.5,2.23,3.26,3.66,2.2,3.25,3.6,2.17,3.19,3.52,2.28,3.3,3.75,2.3,1.62,2.37,1.65,2.3,1.64,2.24,1.61,2.4,1.69,-0.25,1.88,1.98,1.91,2.02,1.88,1.98,1.79,1.95,1.93,2.04,,,,,,,,,,,,,,,,,,,,,,,,,,,,,,,,,,,,,,,,,,,,,,,,,,,,,,
SP1,29/08/2025,20:30,Valencia,Getafe,,2.3,2.9,3.6,2.25,2.88,3.75,2.25,2.95,3.7,2.25,3,3.6,2.25,2.95,3.6,2.25,3,3.6,2.25,2.9,3.6,2.29,3.06,3.78,2.33,3,3.75,2.25,2.94,3.63,2.34,3.05,3.95,3,1.4,2.89,1.43,3,1.44,2.83,1.4,3,1.49,-0.25,1.93,1.93,1.93,1.99,1.93,1.93,1.85,1.89,1.95,2.02,,,,,,,,,,,,,,,,,,,,,,,,,,,,,,,,,,,,,,,,,,,,,,,,,,,,,,
SP1,30/08/2025,16:00,Alaves,Ath Madrid,,4.75,3.5,1.8,4.6,3.5,1.8,4.7,3.7,1.75,4.75,3.5,1.8,4.6,3.6,1.78,4.6,3.6,1.8,4.5,3.5,1.8,4.77,3.61,1.82,4.75,3.7,1.83,4.64,3.55,1.78,4.9,3.7,1.87,2.2,1.67,2.22,1.71,2.2,1.73,2.12,1.67,2.24,1.74,0.75,1.78,2.03,1.81,2.1,1.83,2.03,1.75,1.99,1.84,2.14,,,,,,,,,,,,,,,,,,,,,,,,,,,,,,,,,,,,,,,,,,,,,,,,,,,,,,
SP1,30/08/2025,18:00,Oviedo,Sociedad,,3.5,3.1,2.25,3.5,3.1,2.25,3.6,3.1,2.23,3.4,3.13,2.25,3.5,3.2,2.2,3.5,3.2,2.2,3.4,3.1,2.2,3.56,3.12,2.32,3.6,3.2,2.28,3.47,3.1,2.23,3.7,3.2,2.34,2.5,1.53,2.52,1.56,2.6,1.55,2.44,1.52,2.6,1.59,0.25,1.93,1.93,1.93,1.97,1.93,1.93,1.9,1.8,1.98,1.97,,,,,,,,,,,,,,,,,,,,,,,,,,,,,,,,,,,,,,,,,,,,,,,,,,,,,,
SP1,30/08/2025,18:30,Girona,Sevilla,,2.4,3.3,3,2.4,3.25,3,2.43,3.35,2.95,2.4,3.4,2.9,2.45,3.3,2.87,2.45,3.3,2.87,2.45,3.25,2.87,2.49,3.27,3.07,2.45,3.4,3,2.42,3.29,2.94,2.56,3.35,3.1,2.05,1.8,2.08,1.83,2.1,1.8,2.02,1.74,2.1,1.87,0,1.73,2.08,1.76,2.18,1.73,2.12,1.68,2.08,1.81,2.21,,,,,,,,,,,,,,,,,,,,,,,,,,,,,,,,,,,,,,,,,,,,,,,,,,,,,,
SP1,30/08/2025,20:30,Real Madrid,Mallorca,,1.18,7,15,1.17,7,17,1.19,7,14,1.17,7,17,1.19,7,15.5,1.2,7,15,1.18,7,15,1.21,7.16,12.71,1.2,7,17,1.18,6.96,14.97,1.22,8,18,1.57,2.38,1.56,2.5,1.57,2.55,1.53,2.39,1.6,2.56,-2,1.98,1.88,2,1.89,1.98,1.9,1.94,1.82,2.03,1.89,,,,,,,,,,,,,,,,,,,,,,,,,,,,,,,,,,,,,,,,,,,,,,,,,,,,,,
SP1,31/08/2025,16:00,Celta,Villarreal,,2.75,3.5,2.5,2.75,3.5,2.5,2.75,3.55,2.43,2.63,3.4,2.38,2.75,3.6,2.37,2.75,3.6,2.4,2.75,3.6,2.37,2.76,3.64,2.52,2.75,3.6,2.5,2.71,3.53,2.43,2.84,3.65,2.6,1.73,2.1,1.74,2.18,1.73,2.2,1.67,2.12,1.78,2.22,0,2.03,1.83,2.05,1.87,2.03,1.83,1.94,1.8,2.07,1.89,,,,,,,,,,,,,,,,,,,,,,,,,,,,,,,,,,,,,,,,,,,,,,,,,,,,,,
SP1,31/08/2025,18:00,Betis,Ath Bilbao,,3,3.1,2.55,3,3.1,2.5,3.05,3.25,2.4,2.8,3.13,2.4,2.85,3.2,2.55,2.87,3.2,2.5,2.87,3.2,2.5,3.07,3.15,2.56,3.1,3.25,2.55,2.95,3.15,2.46,3.2,3.15,2.6,2.2,1.67,2.21,1.72,2.23,1.67,2.17,1.64,2.32,1.72,0.25,1.7,2.1,1.76,2.17,1.78,2.1,1.73,1.96,1.81,2.19,,,,,,,,,,,,,,,,,,,,,,,,,,,,,,,,,,,,,,,,,,,,,,,,,,,,,,
SP1,31/08/2025,18:30,Espanol,Osasuna,,2.38,3.2,3.1,2.4,3.2,3.1,2.32,3.2,3.25,2.3,3.1,3,2.4,3.2,3,2.3,3,2.87,2.3,3,2.87,2.43,3.21,3.23,2.4,3.2,3.25,2.34,3.15,3.09,2.44,3.25,3.4,2.2,1.67,2.3,1.67,2.33,1.67,2.22,1.61,2.36,1.7,-0.25,2.03,1.83,2.07,1.85,2.03,1.84,1.93,1.8,2.07,1.89,,,,,,,,,,,,,,,,,,,,,,,,,,,,,,,,,,,,,,,,,,,,,,,,,,,,,,
SP1,31/08/2025,20:30,Vallecano,Barcelona,,6.25,5.5,1.4,7.5,5,1.4,7,5.25,1.4,6.5,4.8,1.36,6.75,5.25,1.4,7,5.25,1.4,6.5,5,1.4,6.92,5.34,1.41,7.5,5.5,1.43,6.74,5.11,1.39,7.2,5.8,1.44,1.44,2.75,1.44,2.82,1.44,2.8,1.41,2.74,1.47,2.98,1.25,2.03,1.83,2.05,1.86,2.03,1.83,1.97,1.77,2.07,1.86,,,,,,,,,,,,,,,,,,,,,,,,,,,,,,,,,,,,,,,,,,,,,,,,,,,,,,
SP2,29/08/2025,18:30,Sociedad B,Almeria,,4.33,3.6,1.79,4.2,3.5,1.8,4.1,3.6,1.75,4.1,3.5,1.75,4,3.4,1.8,3.9,3.3,1.8,3.9,3.3,1.8,4.5,3.61,1.87,4.33,3.65,1.85,4.11,3.5,1.79,4.6,3.65,1.9,1.88,1.93,1.92,1.97,1.97,1.93,1.87,1.82,1.97,1.98,0.5,2,1.8,2.04,1.88,2,1.83,1.94,1.78,2.06,1.9,,,,,,,,,,,,,,,,,,,,,,,,,,,,,,,,,,,,,,,,,,,,,,,,,,,,,,
SP2,29/08/2025,20:30,Sp Gijon,Cultural Leonesa,,1.61,3.5,6,1.62,3.5,5.5,1.53,3.85,5.8,1.62,3.5,5.25,1.62,3.5,5.25,1.61,3.4,5,1.61,3.4,5,1.68,3.72,5.77,1.67,3.85,6,1.6,3.58,5.46,1.69,3.75,6.2,2.1,1.7,2.22,1.66,2.2,1.7,2.14,1.63,2.22,1.77,-0.75,1.83,1.98,1.9,2,1.83,2.02,1.77,1.92,1.89,2.05,,,,,,,,,,,,,,,,,,,,,,,,,,,,,,,,,,,,,,,,,,,,,,,,,,,,,,
SP2,30/08/2025,16:00,Santander,Ceuta,,1.51,4,5.75,1.53,4,5.5,1.56,4,5.1,1.53,3.9,5.5,1.57,3.8,5.25,1.55,3.7,5,1.55,3.7,5,1.55,3.86,6.64,1.57,4.1,6.5,1.55,3.91,5.41,,,,1.8,2,1.85,2,1.88,2,1.81,1.9,,,-1,1.95,1.85,1.99,1.88,2.02,1.85,1.94,1.77,,,,,,,,,,,,,,,,,,,,,,,,,,,,,,,,,,,,,,,,,,,,,,,,,,,,,,,,
SP2,30/08/2025,18:00,Valladolid,Cordoba,,1.86,3.5,4,1.9,3.4,4,1.77,3.65,4,1.83,3.4,3.9,1.83,3.3,3.9,1.8,3.25,3.8,1.8,3.25,3.8,1.88,3.41,4.36,1.92,3.7,4.1,1.83,3.45,3.94,1.97,3.6,4.2,1.95,1.85,1.95,1.9,1.97,1.85,1.92,1.79,1.98,1.9,-0.5,1.9,1.9,1.9,1.97,1.9,1.95,1.81,1.89,1.97,2,,,,,,,,,,,,,,,,,,,,,,,,,,,,,,,,,,,,,,,,,,,,,,,,,,,,,,
SP2,30/08/2025,20:30,Castellon,Zaragoza,,1.79,3.75,4,1.8,3.6,4,1.7,3.85,4.2,1.75,3.6,4,1.78,3.5,3.9,1.75,3.4,3.8,1.75,3.4,3.8,1.82,3.7,4.28,1.81,3.9,4.25,1.76,3.65,4.03,1.88,3.8,4.4,1.7,2.1,1.74,2.15,1.73,2.1,1.71,2.01,1.68,2.12,-0.5,1.8,2,1.84,2.04,1.83,2.02,1.75,1.97,1.88,2.05,,,,,,,,,,,,,,,,,,,,,,,,,,,,,,,,,,,,,,,,,,,,,,,,,,,,,,
SP2,31/08/2025,16:00,Andorra,Burgos,,2.25,3.1,3.2,2.3,3,3.2,2.25,3.2,3.05,2.3,2.9,3.13,2.3,3,3,2.3,2.9,2.9,2.3,2.9,2.9,2.4,3.27,3.05,2.37,3.25,3.2,2.29,3.06,3.08,2.42,3.2,3.35,2.5,1.5,2.63,1.5,2.55,1.5,2.47,1.48,2.3,1.54,-0.25,2,1.8,2.07,1.8,2,1.8,1.91,1.77,,,,,,,,,,,,,,,,,,,,,,,,,,,,,,,,,,,,,,,,,,,,,,,,,,,,,,,,
SP2,31/08/2025,16:00,Cadiz,Albacete,,1.72,3.6,4.5,1.73,3.4,4.6,1.57,3.95,5.2,1.73,3.5,4.5,1.71,3.5,4.5,1.7,3.4,4.33,1.7,3.4,4.33,1.76,3.57,4.83,1.78,3.95,5.25,1.69,3.59,4.71,1.8,3.5,4.9,2.05,1.75,2.08,1.76,2.05,1.75,2,1.72,2.08,1.81,-0.75,2.03,1.78,2.02,1.84,2.03,1.97,1.85,1.83,,,,,,,,,,,,,,,,,,,,,,,,,,,,,,,,,,,,,,,,,,,,,,,,,,,,,,,,
SP2,31/08/2025,18:30,Las Palmas,Malaga,,1.76,3.5,4.5,1.73,3.4,4.6,1.71,3.55,4.6,1.75,3.3,4.5,1.78,3.3,4.33,1.75,3.25,4.2,1.75,3.25,4.2,1.78,3.55,4.78,1.78,3.55,4.75,1.74,3.41,4.51,1.79,3.55,5,2.2,1.65,2.23,1.67,2.25,1.65,2.19,1.6,2.28,1.66,-0.5,1.78,2.03,1.78,2.08,1.78,2.05,1.73,2,,,,,,,,,,,,,,,,,,,,,,,,,,,,,,,,,,,,,,,,,,,,,,,,,,,,,,,,
SP2,31/08/2025,20:30,Granada,Mirandes,,1.68,3.5,5,1.8,3.3,4.6,1.72,3.65,4.3,1.7,3.4,4.8,1.71,3.4,4.75,1.7,3.3,4.5,1.7,3.3,4.5,1.75,3.54,5.03,1.8,3.7,5,1.72,3.48,4.62,1.77,3.5,5.6,2.25,1.62,2.34,1.61,2.25,1.62,2.19,1.6,2.36,1.66,-0.75,1.98,1.83,2.01,1.85,1.98,1.83,1.94,1.75,,,,,,,,,,,,,,,,,,,,,,,,,,,,,,,,,,,,,,,,,,,,,,,,,,,,,,,,
SP2,01/09/2025,18:30,Huesca,Eibar,,2.55,3,2.85,2.6,2.88,2.88,2.45,2.95,2.9,2.55,2.88,2.8,2.5,2.9,2.8,2.5,2.87,2.75,2.5,2.87,2.75,2.59,3,3.04,2.6,3,3,2.52,2.92,2.86,2.64,2.84,3.1,2.6,1.48,2.76,1.45,2.65,1.48,2.58,1.44,,,0,1.78,2.03,1.78,2.1,1.8,2.03,1.75,1.98,,,,,,,,,,,,,,,,,,,,,,,,,,,,,,,,,,,,,,,,,,,,,,,,,,,,,,,,
SP2,01/09/2025,20:30,Leganes,La Coruna,,2.05,3.1,3.75,2.1,3.1,3.6,1.89,3.25,3.95,2.05,3.13,3.5,2.05,3.1,3.5,2,3,3.4,2,3,3.4,2.14,3.15,3.75,2.12,3.3,4,2.01,3.13,3.67,2.08,3.25,3.85,2.25,1.62,2.27,1.65,2.3,1.62,2.25,1.57,,,-0.5,2.08,1.73,2.14,1.74,2.08,1.83,1.98,1.75,,,,,,,,,,,,,,,,,,,,,,,,,,,,,,,,,,,,,,,,,,,,,,,,,,,,,,,,
T1,29/08/2025,19:30,Goztep,Konyaspor,,1.81,3.5,4.2,1.83,3.3,4,1.85,3.5,4,1.8,3.4,4.1,1.85,3.4,4.2,1.85,3.5,4.33,1.85,3.4,4.2,1.88,3.53,4.57,1.88,3.5,4.5,1.83,3.43,4.1,1.89,3.65,4.9,1.98,1.83,2.03,1.86,1.98,1.83,1.93,1.79,2.06,1.89,-0.5,1.85,1.95,1.88,2.02,1.85,1.95,1.81,1.9,1.89,2.09,,,,,,,,,,,,,,,,,,,,,,,,,,,,,,,,,,,,,,,,,,,,,,,,,,,,,,
T1,30/08/2025,17:00,Kasimpasa,Gaziantep,,1.81,4.1,3.5,1.83,3.6,3.6,1.76,4.3,3.65,1.83,3.75,3.6,1.85,3.8,3.7,1.8,4,3.9,1.8,4,3.9,1.88,3.96,3.7,1.87,4.3,3.9,1.81,3.95,3.64,1.92,4.1,4.1,1.57,2.35,1.61,2.37,1.57,2.4,1.54,2.34,1.63,2.42,-0.5,1.85,1.95,1.9,1.96,1.87,1.97,1.79,1.92,1.92,2.05,,,,,,,,,,,,,,,,,,,,,,,,,,,,,,,,,,,,,,,,,,,,,,,,,,,,,,
T1,30/08/2025,17:00,Kocaelispor,Kayserispor,,2.1,3.3,3.4,2.05,3.2,3.25,2.12,3.65,3,2.1,3.25,3.2,2.15,3.4,3.2,2.2,3.4,3.25,2.15,3.4,3.25,2.18,3.32,3.44,2.2,3.65,3.4,2.12,3.39,3.18,2.18,3.35,3.75,1.95,1.85,1.93,1.92,1.95,1.89,1.88,1.84,1.87,1.9,-0.25,1.83,1.98,1.88,1.98,1.86,1.98,1.79,1.89,1.85,2.06,,,,,,,,,,,,,,,,,,,,,,,,,,,,,,,,,,,,,,,,,,,,,,,,,,,,,,
T1,30/08/2025,19:30,Antalyaspor,Karagumruk,,1.91,3.4,3.9,1.9,3.25,3.75,1.92,3.6,3.65,1.9,3.3,3.75,1.95,3.3,3.8,1.95,3.4,3.9,1.95,3.4,3.9,1.95,3.23,4.37,1.95,3.6,4.25,1.92,3.37,3.8,1.98,3.4,4.5,2,1.8,2.04,1.82,2,1.83,1.95,1.78,2.04,1.83,-0.5,1.93,1.88,1.97,1.9,1.96,1.88,1.89,1.81,1.98,1.95,,,,,,,,,,,,,,,,,,,,,,,,,,,,,,,,,,,,,,,,,,,,,,,,,,,,,,
T1,30/08/2025,19:30,Galatasaray,Rizespor,,1.19,7,11,1.18,6,11,1.19,7,11,1.17,6.5,11.5,1.22,6.75,10.5,1.22,7,11,1.22,7,11,1.18,7.31,12.51,1.22,7,11.5,1.19,6.77,10.84,1.23,7.8,14.5,1.33,3.4,1.31,3.45,1.33,3.4,1.31,3.24,1.35,3.5,-2,1.9,1.9,1.89,1.96,1.92,1.9,1.86,1.85,1.92,1.95,,,,,,,,,,,,,,,,,,,,,,,,,,,,,,,,,,,,,,,,,,,,,,,,,,,,,,
T1,31/08/2025,17:00,Buyuksehyr,Eyupspor,,1.96,3.6,3.5,2,3.3,3.3,2.02,3.55,3.35,2,3.4,3.3,2.05,3.6,3.3,2.05,3.6,3.3,2.05,3.6,3.3,2.04,3.59,3.54,2.05,3.6,3.5,2.01,3.5,3.33,2.08,3.55,3.8,1.8,2,1.81,2.03,1.84,2,1.78,1.95,1.83,2.02,-0.5,2.05,1.75,2.05,1.81,2.05,1.83,1.99,1.74,,,,,,,,,,,,,,,,,,,,,,,,,,,,,,,,,,,,,,,,,,,,,,,,,,,,,,,,
T1,31/08/2025,17:00,Genclerbirligi,Fenerbahce,,9,5,1.3,8,4.6,1.3,8,5.3,1.3,8,4.75,1.33,8,5,1.35,8,5.25,1.35,8,5,1.35,9.06,5.28,1.32,9,5.3,1.35,8.01,4.98,1.32,9,5.6,1.37,1.6,2.3,1.63,2.29,1.6,2.3,1.57,2.26,1.63,1.25,1.5,1.8,2,1.83,2.03,1.85,2,1.79,1.92,,,,,,,,,,,,,,,,,,,,,,,,,,,,,,,,,,,,,,,,,,,,,,,,,,,,,,,,
T1,31/08/2025,19:30,Alanyaspor,Besiktas,,3.2,3.7,2.05,3.2,3.3,2.05,3.25,3.7,2,3.13,3.5,2.05,3.2,3.6,2.05,3.25,3.6,2.1,3.25,3.6,2.1,3.34,3.66,2.09,3.35,3.7,2.1,3.21,3.56,2.04,3.4,3.6,2.26,1.7,2.1,1.7,2.17,1.7,2.12,1.68,2.08,1.75,2.14,0.25,1.98,1.83,2.03,1.83,2.01,1.83,1.97,1.71,,,,,,,,,,,,,,,,,,,,,,,,,,,,,,,,,,,,,,,,,,,,,,,,,,,,,,,,
T1,31/08/2025,19:30,Trabzonspor,Samsunspor,,1.71,3.75,4.5,1.73,3.5,4.2,1.77,3.7,4.2,1.73,3.5,4.33,1.77,3.7,4.33,1.8,3.75,4.33,1.8,3.7,4.33,1.76,3.76,4.54,1.8,3.75,4.5,1.75,3.63,4.26,1.8,3.8,4.8,1.88,1.93,1.89,1.94,1.88,1.93,1.84,1.87,1.24,1.46,-0.75,1.94,1.74,2.01,1.85,2.01,1.8,1.96,1.73,1.8,1.58,,,,,,,,,,,,,,,,,,,,,,,,,,,,,,,,,,,,,,,,,,,,,,,,,,,,,,
